Source,ID,Target,Target Job,Action,Action Type,Damage Taken,Damage Mitigated,Unmitigated Amount,Damage Absorbed,Damage Blocked
King Thordan,171,Alastair Feuerkrone,Gunbreaker,attack,128,23060,4069,33448,6319,5185
King Thordan,171,Alastair Feuerkrone,Gunbreaker,attack,128,20674,6750,31008,3584,4281
King Thordan,171,Alastair Feuerkrone,Gunbreaker,Ascalon's Might,128,18159,52880,78033,6994,
King Thordan,171,Alastair Feuerkrone,Gunbreaker,Ascalon's Might,128,22346,59211,81557,,3943
King Thordan,171,Alastair Feuerkrone,Gunbreaker,Ascalon's Might,128,33102,45458,78560,,
Ser Charibert,162,Alastair Feuerkrone,Gunbreaker,Lightning Storm,1024,21330,,26432,5102,
King Thordan,172,Minako Saija,Warrior,Lightning Storm,1024,19394,,28280,8886,
King Thordan,172,Nycto Smycto,Monk,Lightning Storm,1024,25148,8417,42083,8518,
King Thordan,172,Charlotte Feuerkrone,Scholar,Lightning Storm,1024,32875,,41660,8785,
King Thordan,172,Wrath Ocean,Ninja,Lightning Storm,1024,35568,,44480,8912,
King Thordan,172,Caluriam Mentukal,RedMage,Lightning Storm,1024,29784,,38353,8569,
King Thordan,172,Worst Player,Dancer,Lightning Storm,1024,0,,,47414,
King Thordan,172,Death Asuran,WhiteMage,Lightning Storm,1024,29826,,38434,8608,
Alastair Feuerkrone,150,Alastair Feuerkrone,Gunbreaker,Superbolide,32,90283,,90283,,
Ser Ignasse,175,Nycto Smycto,Monk,Skyward Leap,1024,19469,30200,67716,18047,
Ser Paulecrain,177,Wrath Ocean,Ninja,Skyward Leap,1024,27900,20325,66106,17881,
Ser Vellguine,176,Death Asuran,WhiteMage,Skyward Leap,1024,26632,19333,62881,16916,
King Thordan,172,Worst Player,Dancer,the Dragon's Rage,1024,22848,19977,64972,22147,
King Thordan,172,Charlotte Feuerkrone,Scholar,the Dragon's Rage,1024,21725,19140,62251,21386,
Ser Janlenoux,179,Minako Saija,Warrior,Holy Shield Bash,128,0,,,38380,
Ser Adelphel,158,Alastair Feuerkrone,Gunbreaker,Holy Shield Bash,128,0,,,,
King Thordan,172,Caluriam Mentukal,RedMage,the Dragon's Rage,1024,25878,18968,61690,16844,
Ser Janlenoux,180,Minako Saija,Warrior,Holy Bladedance,128,0,,,21101,
Ser Hermenost,181,Charlotte Feuerkrone,Scholar,Conviction,1024,3498,1553,5051,,
Ser Hermenost,181,Caluriam Mentukal,RedMage,Conviction,1024,3292,1462,4754,,
Ser Hermenost,181,Death Asuran,WhiteMage,Conviction,1024,3256,1446,4702,,
Ser Hermenost,181,Nycto Smycto,Monk,Conviction,1024,3012,2425,5437,,
Ser Hermenost,181,Wrath Ocean,Ninja,Conviction,1024,3589,1594,5183,,
Ser Hermenost,181,Worst Player,Dancer,Conviction,1024,3541,1572,5113,,
Ser Janlenoux,180,Minako Saija,Warrior,Holy Bladedance,128,3169,5299,10819,2351,
Ser Adelphel,163,Minako Saija,Warrior,Holy Bladedance,128,10662,10232,20894,,
Ser Janlenoux,180,Minako Saija,Warrior,Holy Bladedance,128,0,,,10438,
Ser Adelphel,163,Minako Saija,Warrior,Holy Bladedance,128,7085,10233,20896,3578,
Ser Janlenoux,180,Minako Saija,Warrior,Holy Bladedance,128,10437,10016,20453,,
King Thordan,171,Minako Saija,Warrior,Ancient Quaga,1024,29323,22950,52273,,
King Thordan,171,Nycto Smycto,Monk,Ancient Quaga,1024,35264,43315,78579,,
King Thordan,171,Alastair Feuerkrone,Gunbreaker,Ancient Quaga,1024,3151,32423,53384,17810,
King Thordan,171,Wrath Ocean,Ninja,Ancient Quaga,1024,43968,34412,78380,,
King Thordan,171,Charlotte Feuerkrone,Scholar,Ancient Quaga,1024,43361,33937,77298,,
King Thordan,171,Death Asuran,WhiteMage,Ancient Quaga,1024,43819,34295,78114,,
King Thordan,171,Worst Player,Dancer,Ancient Quaga,1024,44761,35032,79793,,
King Thordan,171,Caluriam Mentukal,RedMage,Ancient Quaga,1024,42085,32938,75023,,
King Thordan,171,Alastair Feuerkrone,Gunbreaker,attack,128,15417,16385,31802,,
King Thordan,171,Alastair Feuerkrone,Gunbreaker,Heavenly Heel,128,48305,105792,167575,13478,
King Thordan,171,Minako Saija,Warrior,Ascalon's Might,128,23270,46151,77115,7694,
King Thordan,171,Minako Saija,Warrior,Ascalon's Might,128,36300,45064,81364,,
King Thordan,171,Minako Saija,Warrior,Ascalon's Might,128,39330,40010,79340,,
Ser Zephirin,168,Wrath Ocean,Ninja,Sacred Sever,128,410,4193,41559,36956,
Ser Zephirin,168,Worst Player,Dancer,Sacred Sever,128,11716,4355,43540,27469,
Ser Zephirin,168,Charlotte Feuerkrone,Scholar,Sacred Sever,128,0,,,42120,
Ser Zephirin,168,Minako Saija,Warrior,Sacred Sever,128,0,,,23238,
Ser Zephirin,168,Nycto Smycto,Monk,Sacred Sever,128,3317,11999,42851,27535,
Ser Zephirin,168,Death Asuran,WhiteMage,Sacred Sever,128,0,,,20509,
Ser Zephirin,168,Caluriam Mentukal,RedMage,Sacred Sever,128,15951,4508,45057,24598,
Ser Zephirin,168,Alastair Feuerkrone,Gunbreaker,Sacred Sever,128,0,,,11456,
Ser Zephirin,168,Wrath Ocean,Ninja,Sacred Sever,128,33995,,41179,7184,
Ser Zephirin,168,Worst Player,Dancer,Sacred Sever,128,36790,,44074,7284,
Ser Zephirin,168,Charlotte Feuerkrone,Scholar,Sacred Sever,128,34719,4681,46800,7400,
Ser Zephirin,168,Minako Saija,Warrior,Sacred Sever,128,18444,,25820,7376,
Ser Zephirin,168,Nycto Smycto,Monk,Sacred Sever,128,34194,8549,42743,,
Ser Zephirin,168,Death Asuran,WhiteMage,Sacred Sever,128,42835,,62181,19346,
Ser Zephirin,168,Caluriam Mentukal,RedMage,Sacred Sever,128,31364,13326,48018,3328,
Ser Zephirin,168,Alastair Feuerkrone,Gunbreaker,Sacred Sever,128,20672,,40018,19346,
Ser Grinnaux,165,Caluriam Mentukal,RedMage,Hiemal Storm,1024,27992,,35134,7142,
Ser Grinnaux,165,Wrath Ocean,Ninja,Hiemal Storm,1024,31365,,38749,7384,
Ser Grinnaux,165,Nycto Smycto,Monk,Hiemal Storm,1024,23930,7764,38814,7120,
Ser Grinnaux,165,Worst Player,Dancer,Hiemal Storm,1024,29658,,37675,8017,
Ser Grinnaux,165,Alastair Feuerkrone,Gunbreaker,Hiemal Storm,1024,13665,,25500,11835,
Ser Grinnaux,165,Minako Saija,Warrior,Hiemal Storm,1024,17396,,24514,7118,
Ser Grinnaux,165,Death Asuran,WhiteMage,Hiemal Storm,1024,28746,,35939,7193,
Ser Grinnaux,165,Charlotte Feuerkrone,Scholar,Hiemal Storm,1024,21430,,34383,12953,
Ser Hermenost,181,Charlotte Feuerkrone,Scholar,Conviction,1024,4642,,4642,,
Ser Hermenost,181,Death Asuran,WhiteMage,Conviction,1024,4901,,4901,,
Ser Hermenost,181,Wrath Ocean,Ninja,Conviction,1024,4980,,4980,,
Ser Hermenost,181,Minako Saija,Warrior,Conviction,1024,3444,,3444,,
Ser Hermenost,181,Caluriam Mentukal,RedMage,Conviction,1024,4920,,4920,,
Ser Hermenost,181,Alastair Feuerkrone,Gunbreaker,Conviction,1024,3372,,3372,,
Ser Hermenost,181,Worst Player,Dancer,Conviction,1024,5267,,5267,,
Ser Hermenost,181,Nycto Smycto,Monk,Conviction,1024,4154,1039,5193,,
holy comet,185,Charlotte Feuerkrone,Scholar,Holy Comet,1024,1637,,1637,,
holy comet,185,Minako Saija,Warrior,Holy Comet,1024,1063,,1063,,
holy comet,185,Worst Player,Dancer,Holy Comet,1024,1798,,1798,,
holy comet,185,Nycto Smycto,Monk,Holy Comet,1024,1385,347,1732,,
holy comet,185,Death Asuran,WhiteMage,Holy Comet,1024,1688,,1688,,
holy comet,185,Wrath Ocean,Ninja,Holy Comet,1024,1792,,1792,,
holy comet,185,Caluriam Mentukal,RedMage,Holy Comet,1024,1547,,1547,,
holy comet,185,Minako Saija,Warrior,Holy Comet,1024,1060,,1060,,
holy comet,185,Charlotte Feuerkrone,Scholar,Holy Comet,1024,1551,,1551,,
holy comet,185,Wrath Ocean,Ninja,Holy Comet,1024,1741,,1741,,
holy comet,185,Nycto Smycto,Monk,Holy Comet,1024,1387,347,1734,,
holy comet,185,Nycto Smycto,Monk,Holy Comet,1024,1396,349,1745,,
holy comet,185,Worst Player,Dancer,Holy Comet,1024,1704,,1704,,
holy comet,185,Worst Player,Dancer,Holy Comet,1024,1686,,1686,,
holy comet,185,Charlotte Feuerkrone,Scholar,Holy Comet,1024,1642,,1642,,
holy comet,185,Wrath Ocean,Ninja,Holy Comet,1024,1692,,1692,,
holy comet,185,Worst Player,Dancer,Holy Comet,1024,1649,,1649,,
holy comet,185,Minako Saija,Warrior,Holy Comet,1024,1074,,1074,,
holy comet,185,Nycto Smycto,Monk,Holy Comet,1024,1380,345,1725,,
holy comet,185,Death Asuran,WhiteMage,Holy Comet,1024,1573,,1573,,
holy comet,185,Charlotte Feuerkrone,Scholar,Holy Comet,1024,1577,,1577,,
holy comet,185,Wrath Ocean,Ninja,Holy Comet,1024,1730,,1730,,
holy comet,185,Alastair Feuerkrone,Gunbreaker,Holy Comet,1024,1116,,1116,,
holy comet,185,Minako Saija,Warrior,Holy Comet,1024,1041,,1041,,
holy comet,185,Worst Player,Dancer,Holy Comet,1024,1680,,1680,,
holy comet,185,Death Asuran,WhiteMage,Holy Comet,1024,1601,,1601,,
holy comet,185,Nycto Smycto,Monk,Holy Comet,1024,1683,,1683,,
holy comet,185,Death Asuran,WhiteMage,Holy Comet,1024,1584,,1584,,
holy comet,185,Charlotte Feuerkrone,Scholar,Holy Comet,1024,1636,,1636,,
holy comet,185,Minako Saija,Warrior,Holy Comet,1024,1120,,1120,,
holy comet,185,Alastair Feuerkrone,Gunbreaker,Holy Comet,1024,1148,,1148,,
holy comet,185,Wrath Ocean,Ninja,Holy Comet,1024,1747,,1747,,
holy comet,185,Worst Player,Dancer,Holy Comet,1024,1781,,1781,,
holy comet,185,Nycto Smycto,Monk,Holy Comet,1024,1639,,1639,,
holy comet,185,Nycto Smycto,Monk,Holy Comet,1024,1805,,1805,,
holy comet,185,Worst Player,Dancer,Holy Comet,1024,1673,,1673,,
holy comet,185,Death Asuran,WhiteMage,Holy Comet,1024,1590,,1590,,
holy comet,185,Charlotte Feuerkrone,Scholar,Holy Comet,1024,1699,,1699,,
holy comet,185,Minako Saija,Warrior,Holy Comet,1024,1107,,1107,,
holy comet,185,Alastair Feuerkrone,Gunbreaker,Holy Comet,1024,1092,,1092,,
holy comet,185,Nycto Smycto,Monk,Holy Comet,1024,1780,,1780,,
holy comet,185,Worst Player,Dancer,Holy Comet,1024,1710,,1710,,
holy comet,185,Wrath Ocean,Ninja,Holy Comet,1024,1786,,1786,,
holy comet,185,Worst Player,Dancer,Holy Comet,1024,1643,,1643,,
holy comet,185,Minako Saija,Warrior,Holy Comet,1024,1065,,1065,,
holy comet,185,Alastair Feuerkrone,Gunbreaker,Holy Comet,1024,1070,,1070,,
holy comet,185,Death Asuran,WhiteMage,Holy Comet,1024,1629,,1629,,
holy comet,185,Charlotte Feuerkrone,Scholar,Holy Comet,1024,1639,,1639,,
holy comet,185,Nycto Smycto,Monk,Holy Comet,1024,1710,,1710,,
holy comet,185,Caluriam Mentukal,RedMage,Holy Comet,1024,1550,,1550,,
holy comet,185,Worst Player,Dancer,Holy Comet,1024,1734,,1734,,
Ser Grinnaux,159,Nycto Smycto,Monk,Faith Unmoving,128,4779,,4779,,
Ser Grinnaux,159,Worst Player,Dancer,Faith Unmoving,128,4895,,4895,,
Ser Grinnaux,159,Death Asuran,WhiteMage,Faith Unmoving,128,5051,,5051,,
Ser Grinnaux,159,Minako Saija,Warrior,Faith Unmoving,128,2552,450,3002,,450
Ser Grinnaux,159,Charlotte Feuerkrone,Scholar,Faith Unmoving,128,5012,,5012,,
Ser Grinnaux,159,Alastair Feuerkrone,Gunbreaker,Faith Unmoving,128,3021,,3021,,
Ser Grinnaux,159,Wrath Ocean,Ninja,Faith Unmoving,128,4881,,4881,,
Ser Grinnaux,159,Caluriam Mentukal,RedMage,Faith Unmoving,128,4977,,4977,,
Ser Hermenost,181,Minako Saija,Warrior,Conviction,1024,3201,,3201,,
Ser Hermenost,181,Nycto Smycto,Monk,Conviction,1024,5179,,5179,,
Ser Hermenost,181,Death Asuran,WhiteMage,Conviction,1024,5017,,5017,,
Ser Hermenost,181,Wrath Ocean,Ninja,Conviction,1024,5346,,5346,,
Ser Hermenost,181,Charlotte Feuerkrone,Scholar,Conviction,1024,4652,,4652,,
Ser Hermenost,181,Caluriam Mentukal,RedMage,Conviction,1024,4700,,4700,,
Ser Hermenost,181,Alastair Feuerkrone,Gunbreaker,Conviction,1024,3290,,3290,,
Ser Hermenost,181,Worst Player,Dancer,Conviction,1024,5300,,5300,,
King Thordan,172,Alastair Feuerkrone,Gunbreaker,Ultimate End,1024,29407,24184,64198,10607,
King Thordan,172,Minako Saija,Warrior,Ultimate End,1024,31562,23524,62444,7358,
King Thordan,172,Nycto Smycto,Monk,Ultimate End,1024,39622,51520,102759,11617,
King Thordan,172,Caluriam Mentukal,RedMage,Ultimate End,1024,31707,51650,93964,10607,
King Thordan,172,Wrath Ocean,Ninja,Ultimate End,1024,34518,47688,96312,14106,
King Thordan,172,Worst Player,Dancer,Ultimate End,1024,46127,47229,100444,7088,
King Thordan,172,Death Asuran,WhiteMage,Ultimate End,1024,35859,33592,89170,19719,
King Thordan,172,Charlotte Feuerkrone,Scholar,Ultimate End,1024,34697,35417,94014,23900,
King Thordan,172,Charlotte Feuerkrone,Scholar,Final Chorus,1024,39452,28896,93983,25635,
King Thordan,172,Worst Player,Dancer,Final Chorus,1024,41683,29886,97204,25635,
King Thordan,172,Wrath Ocean,Ninja,Final Chorus,1024,44430,31106,101171,25635,
King Thordan,172,Alastair Feuerkrone,Gunbreaker,Final Chorus,1024,0,,,25635,
King Thordan,172,Death Asuran,WhiteMage,Final Chorus,1024,36594,27627,89856,25635,
King Thordan,172,Minako Saija,Warrior,Final Chorus,1024,16910,18890,61435,25635,
King Thordan,172,Caluriam Mentukal,RedMage,Final Chorus,1024,36524,27596,89755,25635,
King Thordan,172,Nycto Smycto,Monk,Final Chorus,1024,28785,43805,98225,25635,
Nidhogg,187,Alastair Feuerkrone,Gunbreaker,attack,1024,0,,,14007,
Nidhogg,187,Alastair Feuerkrone,Gunbreaker,attack,1024,0,,,15563,
Nidhogg,187,Alastair Feuerkrone,Gunbreaker,attack,1024,3248,10460,44500,30792,
Nidhogg,188,Worst Player,Dancer,Dark High Jump,128,4457,2100,20969,14412,
Nidhogg,188,Alastair Feuerkrone,Gunbreaker,Dark High Jump,128,11513,1280,12793,,
Nidhogg,188,Death Asuran,WhiteMage,Dark High Jump,128,6198,2287,22857,14372,
Nidhogg,187,Minako Saija,Warrior,Eye of the Tyrant,1024,21570,8852,46585,16163,
Nidhogg,187,Wrath Ocean,Ninja,Eye of the Tyrant,1024,41201,14834,78069,22034,
Nidhogg,187,Caluriam Mentukal,RedMage,Eye of the Tyrant,1024,45417,13933,73324,13974,
Nidhogg,187,Charlotte Feuerkrone,Scholar,Eye of the Tyrant,1024,40348,12804,67385,14233,
Nidhogg,187,Nycto Smycto,Monk,Eye of the Tyrant,1024,48524,15162,79794,16108,
Nidhogg,188,Caluriam Mentukal,RedMage,Darkdragon Dive,1024,3136,2836,14917,8945,
Nidhogg,188,Minako Saija,Warrior,Darkdragon Dive,1024,2256,1873,9844,5715,
Nidhogg,188,Wrath Ocean,Ninja,Darkdragon Dive,1024,3679,3011,15846,9156,
Nidhogg,188,Charlotte Feuerkrone,Scholar,Dark Spineshatter Dive,128,0,,,5781,
Nidhogg,188,Nycto Smycto,Monk,Dark Elusive Jump,128,2391,3979,20935,14565,
Nidhogg,188,Alastair Feuerkrone,Gunbreaker,Darkdragon Dive,1024,0,,,4030,
Nidhogg,188,Worst Player,Dancer,Darkdragon Dive,1024,0,,,5704,
Nidhogg,188,Caluriam Mentukal,RedMage,Dark Spineshatter Dive,128,0,,,14836,
Nidhogg,188,Minako Saija,Warrior,Dark Elusive Jump,128,0,,,10142,
Nidhogg,188,Wrath Ocean,Ninja,Dark High Jump,128,7642,2175,21721,11904,
Nidhogg,187,Death Asuran,WhiteMage,Eye of the Tyrant,1024,7191,18733,69109,43185,
Nidhogg,187,Charlotte Feuerkrone,Scholar,Eye of the Tyrant,1024,36979,23085,85182,25118,
Nidhogg,187,Alastair Feuerkrone,Gunbreaker,Eye of the Tyrant,1024,6246,14132,52144,31766,
Nidhogg,187,Nycto Smycto,Monk,Eye of the Tyrant,1024,27990,31615,75850,16245,
Nidhogg,187,Worst Player,Dancer,Eye of the Tyrant,1024,52562,22758,83974,8654,
Nidhogg,188,Nycto Smycto,Monk,Darkdragon Dive,1024,13904,1545,15449,,
Nidhogg,188,Charlotte Feuerkrone,Scholar,Darkdragon Dive,1024,12726,1414,14140,,
Nidhogg,188,Death Asuran,WhiteMage,Darkdragon Dive,1024,12680,1409,14089,,
Nidhogg,187,Alastair Feuerkrone,Gunbreaker,attack,1024,28177,,31859,3682,
Nidhogg,187,Alastair Feuerkrone,Gunbreaker,attack,1024,28722,,31943,3221,
Nidhogg,188,Death Asuran,WhiteMage,Darkdragon Dive,1024,13579,1509,15088,,
Nidhogg,188,Caluriam Mentukal,RedMage,Darkdragon Dive,1024,14143,,14143,,
Nidhogg,188,Charlotte Feuerkrone,Scholar,Darkdragon Dive,1024,13257,1473,14730,,
Nidhogg,188,Worst Player,Dancer,Darkdragon Dive,1024,13247,1472,14719,,
Nidhogg,188,Wrath Ocean,Ninja,Darkdragon Dive,1024,13598,1511,15109,,
Nidhogg,188,Nycto Smycto,Monk,Darkdragon Dive,1024,13626,1514,15140,,
Nidhogg,188,Minako Saija,Warrior,Darkdragon Dive,1024,8694,966,9660,,
Nidhogg,188,Alastair Feuerkrone,Gunbreaker,Darkdragon Dive,1024,1265,5456,9984,3263,
Nidhogg,187,Alastair Feuerkrone,Gunbreaker,Soul Tether,1024,61517,167511,243241,14213,
Nidhogg,188,Minako Saija,Warrior,Soul Tether,1024,83476,23383,233814,126955,
Nidhogg,187,Alastair Feuerkrone,Gunbreaker,attack,1024,0,,,9338,
Nidhogg,187,Alastair Feuerkrone,Gunbreaker,attack,1024,16304,8711,32142,7127,
Nidhogg,187,Alastair Feuerkrone,Gunbreaker,attack,1024,24254,3088,30874,3532,
Nidhogg,187,Alastair Feuerkrone,Gunbreaker,attack,1024,30880,,30880,,
Nidhogg,187,Alastair Feuerkrone,Gunbreaker,attack,1024,30072,,30072,,
right eye,191,Alastair Feuerkrone,Gunbreaker,attack,128,0,,,16251,
left eye,190,Minako Saija,Warrior,attack,128,0,,,16215,
right eye,191,Alastair Feuerkrone,Gunbreaker,attack,128,8446,,42737,34291,
left eye,190,Minako Saija,Warrior,attack,128,5283,18530,42790,18977,
Estinien,194,Death Asuran,WhiteMage,Resentment,1024,13722,,38566,24844,
Estinien,194,Caluriam Mentukal,RedMage,Resentment,1024,15485,,40332,24847,
Estinien,194,Nycto Smycto,Monk,Resentment,1024,16331,,41761,25430,
Estinien,194,Charlotte Feuerkrone,Scholar,Resentment,1024,15479,,40323,24844,
Estinien,194,Worst Player,Dancer,Resentment,1024,17974,,43389,25415,
Estinien,194,Minako Saija,Warrior,Resentment,1024,0,,,,
Estinien,194,Alastair Feuerkrone,Gunbreaker,Resentment,1024,0,,,,
Multiple Enemies,195,Alastair Feuerkrone,Gunbreaker,Combined DoTs,1,6243,,6243,,
Estinien,194,Alastair Feuerkrone,Gunbreaker,Bleeding,64,6243,,6243,0,
Estinien,194,Wrath Ocean,Ninja,Resentment,1024,16221,,41648,25427,
right eye,191,Alastair Feuerkrone,Gunbreaker,attack,128,16080,,16080,,
left eye,190,Minako Saija,Warrior,attack,128,8702,7549,16251,,1536
Multiple Enemies,195,Minako Saija,Warrior,Combined DoTs,1,3602,,3602,,
Estinien,194,Minako Saija,Warrior,Bleeding,64,3602,,6320,0,
Multiple Enemies,195,Death Asuran,WhiteMage,Combined DoTs,1,9198,,9198,,
Estinien,194,Death Asuran,WhiteMage,Bleeding,64,9198,,9198,0,
Multiple Enemies,195,Wrath Ocean,Ninja,Combined DoTs,1,10272,,10272,,
Estinien,194,Wrath Ocean,Ninja,Bleeding,64,10272,,10272,0,
Multiple Enemies,195,Caluriam Mentukal,RedMage,Combined DoTs,1,9012,,9012,,
Estinien,194,Caluriam Mentukal,RedMage,Bleeding,64,9012,,9012,0,
Multiple Enemies,195,Charlotte Feuerkrone,Scholar,Combined DoTs,1,9519,,9519,,
Estinien,194,Charlotte Feuerkrone,Scholar,Bleeding,64,9519,,9519,0,
Multiple Enemies,195,Nycto Smycto,Monk,Combined DoTs,1,9608,,9608,,
Estinien,194,Nycto Smycto,Monk,Bleeding,64,9608,,9608,0,
Multiple Enemies,195,Worst Player,Dancer,Combined DoTs,1,9854,,9854,,
Estinien,194,Worst Player,Dancer,Bleeding,64,9854,,9854,0,
Multiple Enemies,195,Alastair Feuerkrone,Gunbreaker,Combined DoTs,1,6343,,6343,,
Estinien,194,Alastair Feuerkrone,Gunbreaker,Bleeding,64,6343,,6343,0,
Multiple Enemies,195,Minako Saija,Warrior,Combined DoTs,1,3650,,3650,,
Estinien,194,Minako Saija,Warrior,Bleeding,64,3650,,6404,0,
Multiple Enemies,195,Death Asuran,WhiteMage,Combined DoTs,1,9300,,9300,,
Estinien,194,Death Asuran,WhiteMage,Bleeding,64,9300,,9300,0,
Multiple Enemies,195,Wrath Ocean,Ninja,Combined DoTs,1,9569,,9569,,
Estinien,194,Wrath Ocean,Ninja,Bleeding,64,9569,,9569,0,
Multiple Enemies,195,Caluriam Mentukal,RedMage,Combined DoTs,1,9572,,9572,,
Estinien,194,Caluriam Mentukal,RedMage,Bleeding,64,9572,,9572,0,
Multiple Enemies,195,Charlotte Feuerkrone,Scholar,Combined DoTs,1,9137,,9137,,
Estinien,194,Charlotte Feuerkrone,Scholar,Bleeding,64,9137,,9137,0,
Multiple Enemies,195,Nycto Smycto,Monk,Combined DoTs,1,9669,,9669,,
Estinien,194,Nycto Smycto,Monk,Bleeding,64,9669,,9669,0,
Multiple Enemies,195,Worst Player,Dancer,Combined DoTs,1,9826,,9826,,
Estinien,194,Worst Player,Dancer,Bleeding,64,9826,,9826,0,
right eye,191,Alastair Feuerkrone,Gunbreaker,attack,128,700,3785,16051,11566,
left eye,190,Minako Saija,Warrior,attack,128,4456,4585,16372,7331,
right eye,191,Alastair Feuerkrone,Gunbreaker,attack,128,10866,1577,15755,3312,
left eye,190,Minako Saija,Warrior,attack,128,11383,4427,15810,,
the Gilded Price,196,Wrath Ocean,Ninja,Flare Nova,1024,41213,11356,59762,7193,
the Gilded Price,196,Caluriam Mentukal,RedMage,Flare Nova,1024,37700,10591,55735,7444,
the Gilded Price,196,Worst Player,Dancer,Flare Nova,1024,43673,11908,62670,7089,
the Gilded Price,196,Nycto Smycto,Monk,Flare Nova,1024,34541,22734,64582,7307,
right eye,191,Alastair Feuerkrone,Gunbreaker,attack,128,14776,1642,16418,,
left eye,190,Minako Saija,Warrior,attack,128,11426,4444,15870,,
the Azure Price,197,Alastair Feuerkrone,Gunbreaker,Flare Star,1024,22410,15883,38293,,
right eye,191,Alastair Feuerkrone,Gunbreaker,attack,128,10485,5640,16125,,
left eye,190,Minako Saija,Warrior,attack,128,11564,4498,16062,,
the Azure Price,197,Charlotte Feuerkrone,Scholar,Flare Star,1024,29158,11425,60126,19543,
the Azure Price,197,Death Asuran,WhiteMage,Flare Star,1024,34367,5976,59750,19407,
the Azure Price,197,Minako Saija,Warrior,Flare Star,1024,25845,14040,39885,,
right eye,191,Alastair Feuerkrone,Gunbreaker,attack,128,9856,4015,17082,3211,
left eye,190,Minako Saija,Warrior,attack,128,11938,4643,16581,,
right eye,191,Alastair Feuerkrone,Gunbreaker,attack,128,15110,1679,16789,,
left eye,190,Minako Saija,Warrior,attack,128,11926,4638,16564,,
Nidhogg,188,Minako Saija,Warrior,Mirage Dive,128,21076,6839,35993,8078,
Nidhogg,188,Death Asuran,WhiteMage,Mirage Dive,128,36967,10506,55290,7817,
right eye,191,Alastair Feuerkrone,Gunbreaker,attack,128,915,3083,16203,12205,
left eye,190,Minako Saija,Warrior,attack,128,12759,2993,15752,,
Nidhogg,188,Charlotte Feuerkrone,Scholar,Mirage Dive,128,37511,10666,56132,7955,
Nidhogg,188,Wrath Ocean,Ninja,Mirage Dive,128,34317,9982,52531,8232,
right eye,191,Alastair Feuerkrone,Gunbreaker,attack,128,12753,2992,15745,,
left eye,190,Minako Saija,Warrior,attack,128,12877,3021,15898,,
right eye,191,Alastair Feuerkrone,Gunbreaker,attack,128,13725,3220,16945,,
left eye,190,Minako Saija,Warrior,attack,128,13135,3082,16217,,
Nidhogg,188,Worst Player,Dancer,Mirage Dive,128,39057,5246,52456,8153,
Nidhogg,188,Nycto Smycto,Monk,Mirage Dive,128,35617,5377,53758,12764,
right eye,191,Alastair Feuerkrone,Gunbreaker,attack,128,10647,1626,16257,3984,
left eye,190,Minako Saija,Warrior,attack,128,15285,1699,16984,,
Nidhogg,188,Caluriam Mentukal,RedMage,Mirage Dive,128,45980,6024,60236,8232,
Nidhogg,188,Alastair Feuerkrone,Gunbreaker,Mirage Dive,128,25920,7963,33883,,4574
right eye,191,Alastair Feuerkrone,Gunbreaker,attack,128,14206,1579,15785,,
left eye,190,Alastair Feuerkrone,Gunbreaker,Steep in Rage,1024,7919,3934,39334,27481,
left eye,190,Nycto Smycto,Monk,Steep in Rage,1024,36397,6180,61782,19205,
left eye,190,Minako Saija,Warrior,Steep in Rage,1024,27972,5157,51563,18434,
left eye,190,Caluriam Mentukal,RedMage,Steep in Rage,1024,16446,5820,58173,35907,
left eye,190,Wrath Ocean,Ninja,Steep in Rage,1024,30544,6159,61584,24881,
left eye,190,Charlotte Feuerkrone,Scholar,Steep in Rage,1024,29259,5882,58820,23679,
left eye,190,Death Asuran,WhiteMage,Steep in Rage,1024,28084,6087,60857,26686,
left eye,190,Worst Player,Dancer,Steep in Rage,1024,29635,6001,60001,24365,
Ser Grinnaux,159,Nycto Smycto,Monk,Planar Prison,1024,1750,,27161,25411,
Ser Grinnaux,159,Alastair Feuerkrone,Gunbreaker,Planar Prison,1024,0,,,5222,
Ser Grinnaux,159,Worst Player,Dancer,Planar Prison,1024,1290,,26676,25386,
Ser Grinnaux,159,Caluriam Mentukal,RedMage,Planar Prison,1024,0,,,5268,
Ser Grinnaux,159,Wrath Ocean,Ninja,Planar Prison,1024,0,,,25393,
Ser Grinnaux,159,Charlotte Feuerkrone,Scholar,Planar Prison,1024,0,,,5016,
Ser Grinnaux,159,Minako Saija,Warrior,Planar Prison,1024,0,,,8381,
Ser Grinnaux,159,Death Asuran,WhiteMage,Planar Prison,1024,0,,,8121,
spear of the Fury,170,Haurchefant,NPC,Shockwave,1024,1283,,1283,,
spear of the Fury,170,Charlotte Feuerkrone,Scholar,Shockwave,1024,0,,,1197,
spear of the Fury,170,Minako Saija,Warrior,Shockwave,1024,0,,,816,
spear of the Fury,170,Caluriam Mentukal,RedMage,Shockwave,1024,0,,,1217,
spear of the Fury,170,Alastair Feuerkrone,Gunbreaker,Shockwave,1024,0,,,823,
spear of the Fury,170,Worst Player,Dancer,Shockwave,1024,0,,,1280,
spear of the Fury,170,Death Asuran,WhiteMage,Shockwave,1024,0,,,1198,
spear of the Fury,170,Wrath Ocean,Ninja,Shockwave,1024,0,,,1294,
spear of the Fury,170,Nycto Smycto,Monk,Shockwave,1024,0,,,1284,
spear of the Fury,170,Haurchefant,NPC,Shockwave,1024,1278,,1278,,
spear of the Fury,170,Charlotte Feuerkrone,Scholar,Shockwave,1024,0,,,1197,
spear of the Fury,170,Minako Saija,Warrior,Shockwave,1024,0,,,816,
spear of the Fury,170,Caluriam Mentukal,RedMage,Shockwave,1024,0,,,1217,
spear of the Fury,170,Alastair Feuerkrone,Gunbreaker,Shockwave,1024,0,,,823,
spear of the Fury,170,Worst Player,Dancer,Shockwave,1024,0,,,1280,
spear of the Fury,170,Death Asuran,WhiteMage,Shockwave,1024,0,,,1198,
spear of the Fury,170,Wrath Ocean,Ninja,Shockwave,1024,0,,,1294,
spear of the Fury,170,Nycto Smycto,Monk,Shockwave,1024,0,,,1284,
spear of the Fury,170,Haurchefant,NPC,Shockwave,1024,1257,,1257,,
spear of the Fury,170,Charlotte Feuerkrone,Scholar,Shockwave,1024,0,,,1197,
spear of the Fury,170,Caluriam Mentukal,RedMage,Shockwave,1024,0,,,1217,
spear of the Fury,170,Alastair Feuerkrone,Gunbreaker,Shockwave,1024,0,,,823,
spear of the Fury,170,Worst Player,Dancer,Shockwave,1024,0,,,1280,
spear of the Fury,170,Death Asuran,WhiteMage,Shockwave,1024,0,,,1198,
spear of the Fury,170,Wrath Ocean,Ninja,Shockwave,1024,0,,,1294,
spear of the Fury,170,Nycto Smycto,Monk,Shockwave,1024,0,,,1284,
spear of the Fury,170,Haurchefant,NPC,Shockwave,1024,1326,,1326,,
spear of the Fury,170,Charlotte Feuerkrone,Scholar,Shockwave,1024,0,,,1197,
spear of the Fury,170,Worst Player,Dancer,Shockwave,1024,0,,,1280,
spear of the Fury,170,Caluriam Mentukal,RedMage,Shockwave,1024,0,,,1217,
spear of the Fury,170,Minako Saija,Warrior,Shockwave,1024,0,,,1632,
spear of the Fury,170,Alastair Feuerkrone,Gunbreaker,Shockwave,1024,0,,,823,
spear of the Fury,170,Death Asuran,WhiteMage,Shockwave,1024,0,,,1198,
spear of the Fury,170,Wrath Ocean,Ninja,Shockwave,1024,0,,,1294,
spear of the Fury,170,Nycto Smycto,Monk,Shockwave,1024,0,,,1284,
Ser Charibert,162,Death Asuran,WhiteMage,Brightwing,1024,7414,43360,54200,3426,
Ser Charibert,162,Charlotte Feuerkrone,Scholar,Brightwing,1024,10148,42516,53145,481,
spear of the Fury,170,Haurchefant,NPC,Shockwave,1024,1257,,1257,,
spear of the Fury,170,Charlotte Feuerkrone,Scholar,Shockwave,1024,1157,4628,5785,,
spear of the Fury,170,Caluriam Mentukal,RedMage,Shockwave,1024,690,4264,5330,376,
spear of the Fury,170,Minako Saija,Warrior,Shockwave,1024,0,,,816,
spear of the Fury,170,Worst Player,Dancer,Shockwave,1024,1134,5084,6355,137,
spear of the Fury,170,Death Asuran,WhiteMage,Shockwave,1024,1189,4756,5945,,
spear of the Fury,170,Wrath Ocean,Ninja,Shockwave,1024,1181,4936,6170,53,
spear of the Fury,170,Nycto Smycto,Monk,Shockwave,1024,1098,4736,5920,86,
spear of the Fury,170,Haurchefant,NPC,Shockwave,1024,6677,,6677,,
spear of the Fury,170,Charlotte Feuerkrone,Scholar,Shockwave,1024,1146,4584,5730,,
spear of the Fury,170,Death Asuran,WhiteMage,Shockwave,1024,1167,4668,5835,,
spear of the Fury,170,Minako Saija,Warrior,Shockwave,1024,0,,,3876,
spear of the Fury,170,Caluriam Mentukal,RedMage,Shockwave,1024,1151,4907,6058,,
spear of the Fury,170,Worst Player,Dancer,Shockwave,1024,1230,4920,6150,,
spear of the Fury,170,Alastair Feuerkrone,Gunbreaker,Shockwave,1024,0,,,1605,
spear of the Fury,170,Nycto Smycto,Monk,Shockwave,1024,1019,5350,6369,,
spear of the Fury,170,Wrath Ocean,Ninja,Shockwave,1024,1258,5032,6290,,
spear of the Fury,170,Haurchefant,NPC,Shockwave,1024,6280,,6280,,
spear of the Fury,170,Death Asuran,WhiteMage,Shockwave,1024,5700,300,6000,,
spear of the Fury,170,Charlotte Feuerkrone,Scholar,Shockwave,1024,5909,311,6220,,
spear of the Fury,170,Minako Saija,Warrior,Shockwave,1024,3914,212,4230,104,
spear of the Fury,170,Caluriam Mentukal,RedMage,Shockwave,1024,5603,295,5898,,
spear of the Fury,170,Worst Player,Dancer,Shockwave,1024,2576,327,6509,3606,
spear of the Fury,170,Alastair Feuerkrone,Gunbreaker,Shockwave,1024,572,217,4216,3427,
spear of the Fury,170,Wrath Ocean,Ninja,Shockwave,1024,0,,,4463,
spear of the Fury,170,Nycto Smycto,Monk,Shockwave,1024,4970,1570,6540,,
spear of the Fury,170,Haurchefant,NPC,Shockwave,1024,6362,,6362,,
spear of the Fury,170,Charlotte Feuerkrone,Scholar,Shockwave,1024,5202,883,6085,,
spear of the Fury,170,Death Asuran,WhiteMage,Shockwave,1024,5104,866,5970,,
spear of the Fury,170,Minako Saija,Warrior,Shockwave,1024,3308,562,3870,,
spear of the Fury,170,Caluriam Mentukal,RedMage,Shockwave,1024,4958,841,5799,,
spear of the Fury,170,Worst Player,Dancer,Shockwave,1024,5470,928,6398,,
spear of the Fury,170,Alastair Feuerkrone,Gunbreaker,Shockwave,1024,3525,598,4123,,
spear of the Fury,170,Wrath Ocean,Ninja,Shockwave,1024,0,,,4011,
spear of the Fury,170,Nycto Smycto,Monk,Shockwave,1024,0,,,3530,
spear of the Fury,170,Haurchefant,NPC,Shockwave,1024,6401,,6401,,
spear of the Fury,170,Charlotte Feuerkrone,Scholar,Shockwave,1024,4987,846,5833,,
spear of the Fury,170,Death Asuran,WhiteMage,Shockwave,1024,5099,865,5964,,
spear of the Fury,170,Minako Saija,Warrior,Shockwave,1024,3335,566,3901,,
spear of the Fury,170,Caluriam Mentukal,RedMage,Shockwave,1024,5314,902,6216,,
spear of the Fury,170,Worst Player,Dancer,Shockwave,1024,5253,891,6144,,
spear of the Fury,170,Alastair Feuerkrone,Gunbreaker,Shockwave,1024,3522,598,4120,,
spear of the Fury,170,Wrath Ocean,Ninja,Shockwave,1024,0,,,4011,
spear of the Fury,170,Nycto Smycto,Monk,Shockwave,1024,340,3066,6870,3464,
Ser Charibert,162,Nycto Smycto,Monk,Brightwing,1024,23746,25477,57127,7904,
Ser Charibert,162,Wrath Ocean,Ninja,Brightwing,1024,24927,20511,53654,8216,
spear of the Fury,170,Haurchefant,NPC,Shockwave,1024,6240,,6240,,
spear of the Fury,170,Charlotte Feuerkrone,Scholar,Shockwave,1024,0,,,5147,
spear of the Fury,170,Death Asuran,WhiteMage,Shockwave,1024,0,,,5148,
spear of the Fury,170,Minako Saija,Warrior,Shockwave,1024,0,,,3509,
spear of the Fury,170,Caluriam Mentukal,RedMage,Shockwave,1024,0,,,4442,
spear of the Fury,170,Alastair Feuerkrone,Gunbreaker,Shockwave,1024,0,,,3538,
spear of the Fury,170,Wrath Ocean,Ninja,Shockwave,1024,3848,2382,6230,,
spear of the Fury,170,Nycto Smycto,Monk,Shockwave,1024,4293,1906,6199,,
spear of the Fury,170,Haurchefant,NPC,Shockwave,1024,6587,,6587,,
spear of the Fury,170,Death Asuran,WhiteMage,Shockwave,1024,1530,1359,5886,2997,
spear of the Fury,170,Charlotte Feuerkrone,Scholar,Shockwave,1024,2021,1402,6076,2653,
spear of the Fury,170,Worst Player,Dancer,Shockwave,1024,0,,,10432,
spear of the Fury,170,Minako Saija,Warrior,Shockwave,1024,0,,,3142,
spear of the Fury,170,Caluriam Mentukal,RedMage,Shockwave,1024,205,1973,5683,3505,
spear of the Fury,170,Wrath Ocean,Ninja,Shockwave,1024,4075,2156,6231,,
spear of the Fury,170,Nycto Smycto,Monk,Shockwave,1024,4072,2462,6534,,
spear of the Fury,170,Haurchefant,NPC,Shockwave,1024,6803,,6803,,
spear of the Fury,170,Caluriam Mentukal,RedMage,Shockwave,1024,3184,2826,6010,,
spear of the Fury,170,Worst Player,Dancer,Shockwave,1024,0,,,3968,
spear of the Fury,170,Charlotte Feuerkrone,Scholar,Shockwave,1024,4214,1871,6085,,
spear of the Fury,170,Minako Saija,Warrior,Shockwave,1024,972,1539,4082,1571,
spear of the Fury,170,Death Asuran,WhiteMage,Shockwave,1024,4027,1788,5815,,
spear of the Fury,170,Alastair Feuerkrone,Gunbreaker,Shockwave,1024,1132,3386,8981,4463,
spear of the Fury,170,Wrath Ocean,Ninja,Shockwave,1024,3794,2652,6446,,
spear of the Fury,170,Nycto Smycto,Monk,Shockwave,1024,4023,2432,6455,,
spear of the Fury,170,Haurchefant,NPC,Shockwave,1024,6760,,6760,,
spear of the Fury,170,Caluriam Mentukal,RedMage,Shockwave,1024,3213,2852,6065,,
spear of the Fury,170,Charlotte Feuerkrone,Scholar,Shockwave,1024,3699,2236,5935,,
spear of the Fury,170,Minako Saija,Warrior,Shockwave,1024,2542,1537,4079,,
spear of the Fury,170,Death Asuran,WhiteMage,Shockwave,1024,3675,2222,5897,,
spear of the Fury,170,Worst Player,Dancer,Shockwave,1024,0,,,3968,
spear of the Fury,170,Alastair Feuerkrone,Gunbreaker,Shockwave,1024,2512,1519,4031,,
spear of the Fury,170,Nycto Smycto,Monk,Shockwave,1024,3787,2964,6751,,
spear of the Fury,170,Wrath Ocean,Ninja,Shockwave,1024,3327,2953,6280,,
spear of the Fury,170,Haurchefant,NPC,Shockwave,1024,6435,,6435,,
spear of the Fury,170,Caluriam Mentukal,RedMage,Shockwave,1024,3321,2948,6269,,
spear of the Fury,170,Charlotte Feuerkrone,Scholar,Shockwave,1024,3735,2258,5993,,
spear of the Fury,170,Minako Saija,Warrior,Shockwave,1024,2573,1556,4129,,
spear of the Fury,170,Death Asuran,WhiteMage,Shockwave,1024,3648,2205,5853,,
Ser Charibert,162,Worst Player,Dancer,Brightwing,1024,33425,26160,59585,,
Ser Charibert,162,Caluriam Mentukal,RedMage,Brightwing,1024,26211,28760,54971,,
spear of the Fury,170,Worst Player,Dancer,Shockwave,1024,2232,2399,6367,1736,
spear of the Fury,170,Alastair Feuerkrone,Gunbreaker,Shockwave,1024,2490,1505,3995,,
spear of the Fury,170,Nycto Smycto,Monk,Shockwave,1024,3650,2857,6507,,
spear of the Fury,170,Wrath Ocean,Ninja,Shockwave,1024,3506,3112,6618,,
spear of the Fury,170,Haurchefant,NPC,Shockwave,1024,6788,,6788,,
spear of the Fury,170,Caluriam Mentukal,RedMage,Shockwave,1024,0,,,3225,
spear of the Fury,170,Charlotte Feuerkrone,Scholar,Shockwave,1024,0,,,3711,
spear of the Fury,170,Minako Saija,Warrior,Shockwave,1024,0,,,2530,
spear of the Fury,170,Death Asuran,WhiteMage,Shockwave,1024,0,,,3712,
spear of the Fury,170,Worst Player,Dancer,Shockwave,1024,0,,,3968,
spear of the Fury,170,Alastair Feuerkrone,Gunbreaker,Shockwave,1024,0,,,2551,
spear of the Fury,170,Nycto Smycto,Monk,Shockwave,1024,0,,,3595,
spear of the Fury,170,Wrath Ocean,Ninja,Shockwave,1024,0,,,4011,
spear of the Fury,170,Haurchefant,NPC,Shockwave,1024,6216,,6216,,
spear of the Fury,170,Worst Player,Dancer,Shockwave,1024,50,2490,6506,3966,
spear of the Fury,170,Caluriam Mentukal,RedMage,Shockwave,1024,0,,,3225,
spear of the Fury,170,Charlotte Feuerkrone,Scholar,Shockwave,1024,0,,,3711,
spear of the Fury,170,Death Asuran,WhiteMage,Shockwave,1024,0,,,3712,
spear of the Fury,170,Alastair Feuerkrone,Gunbreaker,Shockwave,1024,0,,,2551,
spear of the Fury,170,Wrath Ocean,Ninja,Shockwave,1024,479,2578,6836,3779,
spear of the Fury,170,Minako Saija,Warrior,Shockwave,1024,0,,,2530,
spear of the Fury,170,Nycto Smycto,Monk,Shockwave,1024,0,,,3980,
spear of the Fury,170,Haurchefant,NPC,Shockwave,1024,6754,,6754,,
spear of the Fury,170,Caluriam Mentukal,RedMage,Shockwave,1024,2037,2264,6007,1706,
spear of the Fury,170,Worst Player,Dancer,Shockwave,1024,4162,2516,6678,,
spear of the Fury,170,Charlotte Feuerkrone,Scholar,Shockwave,1024,0,,,3711,
spear of the Fury,170,Wrath Ocean,Ninja,Shockwave,1024,4063,2456,6519,,
spear of the Fury,170,Death Asuran,WhiteMage,Shockwave,1024,0,,,3712,
spear of the Fury,170,Nycto Smycto,Monk,Shockwave,1024,3085,2260,5997,652,
spear of the Fury,170,Alastair Feuerkrone,Gunbreaker,Shockwave,1024,0,,,2551,
spear of the Fury,170,Minako Saija,Warrior,Shockwave,1024,0,,,2530,
spear of the Fury,170,Haurchefant,NPC,Shockwave,1024,6418,,6418,,
spear of the Fury,170,Worst Player,Dancer,Shockwave,1024,4006,2422,6428,,
spear of the Fury,170,Caluriam Mentukal,RedMage,Shockwave,1024,3714,2245,5959,,
spear of the Fury,170,Charlotte Feuerkrone,Scholar,Shockwave,1024,2276,2436,6465,1753,
spear of the Fury,170,Wrath Ocean,Ninja,Shockwave,1024,4031,2437,6468,,
spear of the Fury,170,Death Asuran,WhiteMage,Shockwave,1024,2161,2426,6436,1849,
spear of the Fury,170,Nycto Smycto,Monk,Shockwave,1024,3898,2356,6254,,
spear of the Fury,170,Alastair Feuerkrone,Gunbreaker,Shockwave,1024,0,,,2551,
spear of the Fury,170,Minako Saija,Warrior,Shockwave,1024,2254,1612,4277,411,
Ser Charibert,162,Minako Saija,Warrior,Brightwing,1024,18012,17665,35677,,
Ser Charibert,162,Alastair Feuerkrone,Gunbreaker,Brightwing,1024,17898,18552,37468,1018,
spear of the Fury,170,Haurchefant,NPC,Shockwave,1024,6638,,6638,,
spear of the Fury,170,Worst Player,Dancer,Shockwave,1024,3886,2349,6235,,
spear of the Fury,170,Caluriam Mentukal,RedMage,Shockwave,1024,3915,2367,6282,,
spear of the Fury,170,Charlotte Feuerkrone,Scholar,Shockwave,1024,3676,2222,5898,,
spear of the Fury,170,Death Asuran,WhiteMage,Shockwave,1024,3778,2284,6062,,
spear of the Fury,170,Wrath Ocean,Ninja,Shockwave,1024,3927,2374,6301,,
spear of the Fury,170,Nycto Smycto,Monk,Shockwave,1024,3872,2341,6213,,
spear of the Fury,170,Alastair Feuerkrone,Gunbreaker,Shockwave,1024,2574,1556,4130,,
spear of the Fury,170,Minako Saija,Warrior,Shockwave,1024,2622,1585,4207,,
spear of the Fury,170,Haurchefant,NPC,Shockwave,1024,6531,,6531,,
spear of the Fury,170,Caluriam Mentukal,RedMage,Shockwave,1024,3609,2182,5791,,
spear of the Fury,170,Worst Player,Dancer,Shockwave,1024,3872,2341,6213,,
spear of the Fury,170,Charlotte Feuerkrone,Scholar,Shockwave,1024,3842,2323,6165,,
spear of the Fury,170,Death Asuran,WhiteMage,Shockwave,1024,3888,2350,6238,,
spear of the Fury,170,Wrath Ocean,Ninja,Shockwave,1024,3962,2395,6357,,
spear of the Fury,170,Nycto Smycto,Monk,Shockwave,1024,3874,2342,6216,,
spear of the Fury,170,Minako Saija,Warrior,Shockwave,1024,2607,1576,4183,,
spear of the Fury,170,Alastair Feuerkrone,Gunbreaker,Shockwave,1024,2463,1489,3952,,
spear of the Fury,170,Haurchefant,NPC,Shockwave,1024,6307,,6307,,
spear of the Fury,170,Caluriam Mentukal,RedMage,Shockwave,1024,3710,2243,5953,,
spear of the Fury,170,Worst Player,Dancer,Shockwave,1024,3818,2308,6126,,
spear of the Fury,170,Charlotte Feuerkrone,Scholar,Shockwave,1024,3828,2314,6142,,
spear of the Fury,170,Death Asuran,WhiteMage,Shockwave,1024,3780,2285,6065,,
spear of the Fury,170,Wrath Ocean,Ninja,Shockwave,1024,3807,2301,6108,,
spear of the Fury,170,Nycto Smycto,Monk,Shockwave,1024,4069,2460,6529,,
spear of the Fury,170,Alastair Feuerkrone,Gunbreaker,Shockwave,1024,2575,1557,4132,,
spear of the Fury,170,Minako Saija,Warrior,Shockwave,1024,2603,1574,4177,,
spear of the Fury,170,Haurchefant,NPC,Shockwave,1024,6827,,6827,,
spear of the Fury,170,Charlotte Feuerkrone,Scholar,Shockwave,1024,3747,2265,6012,,
spear of the Fury,170,Worst Player,Dancer,Shockwave,1024,4135,2500,6635,,
spear of the Fury,170,Death Asuran,WhiteMage,Shockwave,1024,3793,2293,6086,,
spear of the Fury,170,Wrath Ocean,Ninja,Shockwave,1024,4144,2505,6649,,
spear of the Fury,170,Nycto Smycto,Monk,Shockwave,1024,3157,3175,6332,,
spear of the Fury,170,Caluriam Mentukal,RedMage,Shockwave,1024,3870,2339,6209,,
spear of the Fury,170,Alastair Feuerkrone,Gunbreaker,Shockwave,1024,2661,1609,4270,,
spear of the Fury,170,Minako Saija,Warrior,Shockwave,1024,2441,1476,3917,,
spear of the Fury,170,Haurchefant,NPC,Shockwave,1024,6489,,6489,,
spear of the Fury,170,Charlotte Feuerkrone,Scholar,Shockwave,1024,3672,2220,5892,,
spear of the Fury,170,Worst Player,Dancer,Shockwave,1024,3874,2342,6216,,
spear of the Fury,170,Death Asuran,WhiteMage,Shockwave,1024,3629,2194,5823,,
spear of the Fury,170,Wrath Ocean,Ninja,Shockwave,1024,4179,2526,6705,,
spear of the Fury,170,Nycto Smycto,Monk,Shockwave,1024,3243,3261,6504,,
spear of the Fury,170,Caluriam Mentukal,RedMage,Shockwave,1024,3781,2286,6067,,
spear of the Fury,170,Alastair Feuerkrone,Gunbreaker,Shockwave,1024,2678,1619,4297,,
spear of the Fury,170,Minako Saija,Warrior,Shockwave,1024,2623,1586,4209,,
Ser Charibert,161,Alastair Feuerkrone,Gunbreaker,Pure of Heart,1024,21103,18497,39600,,
Ser Charibert,161,Minako Saija,Warrior,Pure of Heart,1024,21259,18633,39892,,
Ser Charibert,161,Death Asuran,WhiteMage,Pure of Heart,1024,33246,29139,62385,,
Ser Charibert,161,Charlotte Feuerkrone,Scholar,Pure of Heart,1024,33643,29487,63130,,
spear of the Fury,170,Haurchefant,NPC,Shockwave,1024,6383,,6383,,
Ser Charibert,161,Wrath Ocean,Ninja,Pure of Heart,1024,35689,31281,66970,,
spear of the Fury,170,Charlotte Feuerkrone,Scholar,Shockwave,1024,3786,2289,6075,,
Ser Charibert,161,Nycto Smycto,Monk,Pure of Heart,1024,26138,35171,61309,,
spear of the Fury,170,Worst Player,Dancer,Shockwave,1024,4168,2520,6688,,
Ser Charibert,161,Worst Player,Dancer,Pure of Heart,1024,35157,30814,65971,,
spear of the Fury,170,Death Asuran,WhiteMage,Shockwave,1024,3818,2308,6126,,
Ser Charibert,161,Caluriam Mentukal,RedMage,Pure of Heart,1024,32729,28686,61415,,
spear of the Fury,170,Wrath Ocean,Ninja,Shockwave,1024,4189,2532,6721,,
Ser Charibert,161,Haurchefant,NPC,Pure of Heart,1024,54752,9286,64038,,
spear of the Fury,170,Nycto Smycto,Monk,Shockwave,1024,3085,3102,6187,,
spear of the Fury,170,Caluriam Mentukal,RedMage,Shockwave,1024,3833,2317,6150,,
spear of the Fury,170,Alastair Feuerkrone,Gunbreaker,Shockwave,1024,2682,1621,4303,,
spear of the Fury,170,Minako Saija,Warrior,Shockwave,1024,2487,1504,3991,,
spear of the Fury,170,Haurchefant,NPC,Shockwave,1024,6493,,6493,,
spear of the Fury,170,Nycto Smycto,Monk,Shockwave,1024,3166,3184,6350,,
spear of the Fury,170,Wrath Ocean,Ninja,Shockwave,1024,4095,2475,6570,,
spear of the Fury,170,Death Asuran,WhiteMage,Shockwave,1024,3674,2221,5895,,
spear of the Fury,170,Worst Player,Dancer,Shockwave,1024,4018,2107,6125,,
spear of the Fury,170,Charlotte Feuerkrone,Scholar,Shockwave,1024,3782,1983,5765,,
spear of the Fury,170,Caluriam Mentukal,RedMage,Shockwave,1024,4138,2169,6307,,
spear of the Fury,170,Alastair Feuerkrone,Gunbreaker,Shockwave,1024,2615,1371,3986,,
spear of the Fury,170,Minako Saija,Warrior,Shockwave,1024,2674,1402,4076,,
spear of the Fury,170,Haurchefant,NPC,Shockwave,1024,6653,,6653,,
spear of the Fury,170,Nycto Smycto,Monk,Shockwave,1024,3464,3136,6600,,
spear of the Fury,170,Wrath Ocean,Ninja,Shockwave,1024,4700,1748,6448,,
spear of the Fury,170,Death Asuran,WhiteMage,Shockwave,1024,4520,1681,6201,,
spear of the Fury,170,Worst Player,Dancer,Shockwave,1024,4801,1785,6586,,
spear of the Fury,170,Minako Saija,Warrior,Shockwave,1024,3431,805,4236,,
spear of the Fury,170,Alastair Feuerkrone,Gunbreaker,Shockwave,1024,3192,749,3941,,
spear of the Fury,170,Charlotte Feuerkrone,Scholar,Shockwave,1024,3791,1988,5779,,
spear of the Fury,170,Caluriam Mentukal,RedMage,Shockwave,1024,4861,1141,6002,,
spear of the Fury,170,Haurchefant,NPC,Shockwave,1024,6695,,6695,,
spear of the Fury,170,Alastair Feuerkrone,Gunbreaker,Shockwave,1024,3664,408,4072,,
spear of the Fury,170,Wrath Ocean,Ninja,Shockwave,1024,5431,1274,6705,,
spear of the Fury,170,Nycto Smycto,Monk,Shockwave,1024,4112,2234,6346,,
spear of the Fury,170,Minako Saija,Warrior,Shockwave,1024,3561,396,3957,,
spear of the Fury,170,Death Asuran,WhiteMage,Shockwave,1024,5175,575,5750,,
spear of the Fury,170,Worst Player,Dancer,Shockwave,1024,6030,670,6700,,
spear of the Fury,170,Caluriam Mentukal,RedMage,Shockwave,1024,5649,628,6277,,
spear of the Fury,170,Charlotte Feuerkrone,Scholar,Shockwave,1024,5563,619,6182,,
King Thordan,199,Minako Saija,Warrior,attack,128,0,,,28400,
King Thordan,199,Alastair Feuerkrone,Gunbreaker,attack,128,22582,9916,35731,3233,
King Thordan,199,Alastair Feuerkrone,Gunbreaker,attack,128,25196,9678,34874,,
Darkscale,203,Charlotte Feuerkrone,Scholar,Chain Lightning,1024,0,,,,
Darkscale,203,Worst Player,Dancer,Chain Lightning,1024,0,,,,
Ser Paulecrain,177,Worst Player,Dancer,Skyward Leap,1024,47726,,67257,19531,
Ser Vellguine,176,Alastair Feuerkrone,Gunbreaker,Spiral Pierce,1024,19505,,44163,24658,
Ser Ignasse,175,Death Asuran,WhiteMage,Spiral Pierce,1024,33397,,65180,31783,
Ser Charibert,162,Nycto Smycto,Monk,Ascalon's Mercy Revealed,128,0,,,19531,
Ser Hermenost,181,Worst Player,Dancer,Ascalon's Mercy Revealed,128,17168,1908,19076,,
Ser Hermenost,181,Alastair Feuerkrone,Gunbreaker,Ascalon's Mercy Revealed,128,11759,1307,13066,,
Ser Hermenost,181,Death Asuran,WhiteMage,Ascalon's Mercy Revealed,128,18038,2005,20043,,
Ser Charibert,162,Caluriam Mentukal,RedMage,Ascalon's Mercy Revealed,128,0,,,,
Ser Charibert,162,Charlotte Feuerkrone,Scholar,Ascalon's Mercy Revealed,128,0,,,19531,
Ser Charibert,162,Minako Saija,Warrior,Ascalon's Mercy Revealed,128,0,,,19531,
Ser Charibert,162,Wrath Ocean,Ninja,Ascalon's Mercy Revealed,128,0,,,,
Vedrfolnir,202,Nycto Smycto,Monk,Liquid Heaven,1024,6024,1506,7530,,
Vedrfolnir,202,Nycto Smycto,Monk,Liquid Heaven,1024,9768,2442,12210,,
Vedrfolnir,202,Nycto Smycto,Monk,Liquid Heaven,1024,9910,2478,12388,,
Vedrfolnir,202,Nycto Smycto,Monk,Liquid Heaven,1024,12981,,12981,,
Vedrfolnir,202,Nycto Smycto,Monk,Liquid Heaven,1024,11155,1240,12395,,
King Thordan,199,Alastair Feuerkrone,Gunbreaker,Ancient Quaga,1024,910,23881,54360,29569,
King Thordan,199,Wrath Ocean,Ninja,Ancient Quaga,1024,35575,33053,87740,19112,
King Thordan,199,Caluriam Mentukal,RedMage,Ancient Quaga,1024,36166,32817,87114,18131,
King Thordan,199,Death Asuran,WhiteMage,Ancient Quaga,1024,29012,36782,83778,17984,
King Thordan,199,Nycto Smycto,Monk,Ancient Quaga,1024,25665,45087,89927,19175,
King Thordan,199,Minako Saija,Warrior,Ancient Quaga,1024,0,,,28996,
King Thordan,199,Charlotte Feuerkrone,Scholar,Ancient Quaga,1024,21680,31434,83442,30328,
King Thordan,199,Worst Player,Dancer,Ancient Quaga,1024,26412,38882,88560,23266,
King Thordan,199,Minako Saija,Warrior,attack,128,24304,10790,35094,,
King Thordan,199,Minako Saija,Warrior,Heavenly Heel,128,77037,42218,179647,60392,24252
King Thordan,199,Minako Saija,Warrior,Ascalon's Might,128,6994,1,173088,166093,
King Thordan,199,Minako Saija,Warrior,Ascalon's Might,128,27239,1,171888,144648,
King Thordan,199,Minako Saija,Warrior,Ascalon's Might,128,7515,47562,171389,116312,
King Thordan,172,Minako Saija,Warrior,Lightning Storm,1024,18070,2990,29893,8833,
King Thordan,172,Nycto Smycto,Monk,Lightning Storm,1024,23632,12645,45157,8880,
King Thordan,172,Wrath Ocean,Ninja,Lightning Storm,1024,31883,4527,45264,8854,
King Thordan,172,Death Asuran,WhiteMage,Lightning Storm,1024,32452,4598,45974,8924,
King Thordan,172,Worst Player,Dancer,Lightning Storm,1024,32373,4574,45734,8787,
King Thordan,172,Charlotte Feuerkrone,Scholar,Lightning Storm,1024,32359,4542,45411,8510,
King Thordan,172,Alastair Feuerkrone,Gunbreaker,Lightning Storm,1024,15860,3116,31146,12170,
King Thordan,172,Caluriam Mentukal,RedMage,Lightning Storm,1024,31972,4499,44978,8507,
Ser Grinnaux,159,Alastair Feuerkrone,Gunbreaker,Faith Unmoving,128,0,,,3021,
Ser Grinnaux,159,Caluriam Mentukal,RedMage,Faith Unmoving,128,0,,,4977,
Ser Grinnaux,159,Death Asuran,WhiteMage,Faith Unmoving,128,0,,,5051,
Ser Grinnaux,159,Minako Saija,Warrior,Faith Unmoving,128,0,,,3002,
Ser Grinnaux,159,Charlotte Feuerkrone,Scholar,Faith Unmoving,128,0,,,5012,
Ser Grinnaux,159,Nycto Smycto,Monk,Faith Unmoving,128,0,,,4779,
Ser Grinnaux,159,Worst Player,Dancer,Faith Unmoving,128,0,,,4895,
Ser Grinnaux,159,Wrath Ocean,Ninja,Faith Unmoving,128,0,,,4881,
King Thordan,172,Alastair Feuerkrone,Gunbreaker,Heavensflame,1024,28992,1787,35724,4945,
King Thordan,172,Minako Saija,Warrior,Heavensflame,1024,28841,1795,35885,5249,
King Thordan,172,Charlotte Feuerkrone,Scholar,Heavensflame,1024,48963,2725,54487,2799,
Vidofnir,206,Death Asuran,WhiteMage,Heavensflame,1024,50529,2824,56465,3112,
Vidofnir,206,Wrath Ocean,Ninja,Heavensflame,1024,51375,2871,57401,3155,
Vidofnir,206,Caluriam Mentukal,RedMage,Heavensflame,1024,49508,2761,55207,2938,
King Thordan,172,Nycto Smycto,Monk,Heavensflame,1024,51535,2877,57527,3115,
King Thordan,172,Worst Player,Dancer,Heavensflame,1024,53258,2967,59309,3084,
King Thordan,199,Death Asuran,WhiteMage,Ancient Quaga,1024,27649,35604,86942,23689,
King Thordan,199,Charlotte Feuerkrone,Scholar,Ancient Quaga,1024,2695,34745,84818,47378,
King Thordan,199,Wrath Ocean,Ninja,Ancient Quaga,1024,30154,37343,91186,23689,
King Thordan,199,Minako Saija,Warrior,Ancient Quaga,1024,8794,22529,55012,23689,
King Thordan,199,Alastair Feuerkrone,Gunbreaker,Ancient Quaga,1024,6750,23529,57450,27171,
King Thordan,199,Worst Player,Dancer,Ancient Quaga,1024,30926,37877,92492,23689,
King Thordan,199,Caluriam Mentukal,RedMage,Ancient Quaga,1024,25146,33868,82703,23689,
King Thordan,199,Nycto Smycto,Monk,Ancient Quaga,1024,27696,35638,87023,23689,
King Thordan,199,Minako Saija,Warrior,attack,128,17797,17079,34876,,
King Thordan,199,Minako Saija,Warrior,Heavenly Heel,128,54824,104378,177919,18717,
King Thordan,199,Alastair Feuerkrone,Gunbreaker,Ascalon's Might,128,0,,,26271,
King Thordan,199,Alastair Feuerkrone,Gunbreaker,Ascalon's Might,128,2166,60874,93390,30350,
King Thordan,199,Alastair Feuerkrone,Gunbreaker,Ascalon's Might,128,38982,46660,85642,,
King Thordan,199,Alastair Feuerkrone,Gunbreaker,attack,128,18015,17606,35621,,
,186,Haurchefant,NPC,attack,128,4,,4,,
Nidhogg,208,Minako Saija,Warrior,Wyrmclaw,128,0,,,18476,
Hraesvelgr,209,Alastair Feuerkrone,Gunbreaker,Wyrmclaw,128,0,,,18284,
,186,Haurchefant,NPC,attack,128,4,,4,,
Nidhogg,208,Minako Saija,Warrior,Wyrmclaw,128,1094,,19558,18464,
Hraesvelgr,209,Alastair Feuerkrone,Gunbreaker,Wyrmclaw,128,10184,,15779,5595,
,186,Haurchefant,NPC,attack,128,3,,3,,
,186,Haurchefant,NPC,attack,128,4,,4,,
,186,Haurchefant,NPC,attack,128,4,,4,,
Hraesvelgr,210,Alastair Feuerkrone,Gunbreaker,Holy Orb,1024,27013,19723,46736,,
Nidhogg,189,Minako Saija,Warrior,Dark Orb,1024,29562,16059,45621,,
Hraesvelgr,210,Minako Saija,Warrior,Holy Orb,1024,24806,16781,47672,6085,
Nidhogg,189,Alastair Feuerkrone,Gunbreaker,Dark Orb,1024,28453,20774,49227,,
Hraesvelgr,210,Charlotte Feuerkrone,Scholar,Ice Breath,1024,13626,2943,29423,12854,
Hraesvelgr,210,Nycto Smycto,Monk,Ice Breath,1024,17245,12030,42960,13685,
Hraesvelgr,210,Caluriam Mentukal,RedMage,Ice Breath,1024,14005,3000,29979,12974,
Nidhogg,189,Caluriam Mentukal,RedMage,Flame Breath,1024,28015,3113,31128,,
Nidhogg,189,Worst Player,Dancer,Flame Breath,1024,29544,3283,32827,,
Nidhogg,189,Wrath Ocean,Ninja,Flame Breath,1024,31815,3535,35350,,
Hraesvelgr,210,Worst Player,Dancer,Ice Breath,1024,15537,3245,32431,13649,
Hraesvelgr,210,Wrath Ocean,Ninja,Ice Breath,1024,14177,3084,30820,13559,
Hraesvelgr,210,Death Asuran,WhiteMage,Ice Breath,1024,14482,3049,30467,12936,
Nidhogg,189,Death Asuran,WhiteMage,Flame Breath,1024,26924,2992,29916,,
Nidhogg,189,Charlotte Feuerkrone,Scholar,Flame Breath,1024,26126,2903,29029,,
Nidhogg,189,Nycto Smycto,Monk,Flame Breath,1024,23102,8985,32087,,
,186,Haurchefant,NPC,attack,128,4,,4,,
Nidhogg,208,Minako Saija,Warrior,Wyrmclaw,128,12708,4942,17650,,
Hraesvelgr,209,Alastair Feuerkrone,Gunbreaker,Wyrmclaw,128,12584,5922,18506,,
,186,Haurchefant,NPC,attack,128,4,,4,,
Hraesvelgr,209,Alastair Feuerkrone,Gunbreaker,Wyrmclaw,128,12227,5754,17981,,
Multiple Enemies,195,Worst Player,Dancer,Combined DoTs,1,3238,,3238,,
,186,Haurchefant,NPC,attack,128,4,,4,,
Nidhogg,208,Worst Player,Dancer,Mortal Vow,1024,13879,,13879,,
Multiple Enemies,195,Worst Player,Dancer,Combined DoTs,1,3249,,3249,,
,186,Haurchefant,NPC,attack,128,4,,4,,
Multiple Enemies,195,Worst Player,Dancer,Combined DoTs,1,0,,,7119,
,186,Haurchefant,NPC,attack,128,3,,3,,
Multiple Enemies,195,Worst Player,Dancer,Combined DoTs,1,0,,,7119,
,186,Haurchefant,NPC,attack,128,3,,3,,
Hraesvelgr,209,Charlotte Feuerkrone,Scholar,Akh Afah,1024,35863,14941,64816,14012,
Nidhogg,208,Death Asuran,WhiteMage,Akh Afah,1024,43234,12218,64300,8848,
Hraesvelgr,209,Worst Player,Dancer,Akh Afah,1024,43621,15161,65770,6988,
Nidhogg,208,Nycto Smycto,Monk,Akh Afah,1024,38556,25610,72754,8588,
Hraesvelgr,209,Wrath Ocean,Ninja,Akh Afah,1024,46016,16402,71155,8737,
Nidhogg,208,Alastair Feuerkrone,Gunbreaker,Akh Afah,1024,27687,8544,44965,8734,
Hraesvelgr,209,Minako Saija,Warrior,Akh Afah,1024,27325,10760,46675,8590,
Nidhogg,208,Caluriam Mentukal,RedMage,Akh Afah,1024,47727,13049,68673,7897,
Multiple Enemies,195,Worst Player,Dancer,Combined DoTs,1,3160,,3160,,
Multiple Enemies,195,Worst Player,Dancer,Combined DoTs,1,3238,,3238,,
,186,Haurchefant,NPC,attack,128,4,,4,,
Multiple Enemies,195,Worst Player,Dancer,Combined DoTs,1,0,,,7119,
,186,Haurchefant,NPC,attack,128,4,,4,,
Multiple Enemies,195,Worst Player,Dancer,Combined DoTs,1,0,,,292,
,186,Haurchefant,NPC,attack,128,4,,4,,
Multiple Enemies,195,Worst Player,Dancer,Combined DoTs,1,1641,,1641,,
,186,Haurchefant,NPC,attack,128,3,,3,,
Hraesvelgr,210,Alastair Feuerkrone,Gunbreaker,Hallowed Plume,1024,62048,51682,124600,10870,
Hraesvelgr,210,Minako Saija,Warrior,Hallowed Plume,1024,74038,39201,125842,12603,
Multiple Enemies,195,Worst Player,Dancer,Combined DoTs,1,3079,,3079,,
,186,Haurchefant,NPC,attack,128,4,,4,,
Multiple Enemies,195,Worst Player,Dancer,Combined DoTs,1,3232,,3232,,
,186,Haurchefant,NPC,attack,128,4,,4,,
Nidhogg,208,Minako Saija,Warrior,Wyrmclaw,128,14273,4385,18658,,2519
Hraesvelgr,209,Alastair Feuerkrone,Gunbreaker,Wyrmclaw,128,5608,4830,16339,5901,2032
Multiple Enemies,195,Worst Player,Dancer,Combined DoTs,1,3214,,3214,,
,186,Haurchefant,NPC,attack,128,2,,4,,
Nidhogg,189,Wrath Ocean,Ninja,Mortal Vow,1024,7306,,14678,7372,
Nidhogg,208,Minako Saija,Warrior,Wyrmclaw,128,18484,,18484,,
Hraesvelgr,209,Alastair Feuerkrone,Gunbreaker,Wyrmclaw,128,16716,1858,18574,,
Multiple Enemies,195,Wrath Ocean,Ninja,Combined DoTs,1,3247,,3247,,
Hraesvelgr,209,Alastair Feuerkrone,Gunbreaker,Wyrmclaw,128,10744,3670,17730,3316,2482
Multiple Enemies,195,Wrath Ocean,Ninja,Combined DoTs,1,3027,,3027,,
Multiple Enemies,195,Wrath Ocean,Ninja,Combined DoTs,1,3014,,3014,,
Multiple Enemies,195,Wrath Ocean,Ninja,Combined DoTs,1,3227,,3227,,
Multiple Enemies,195,Wrath Ocean,Ninja,Combined DoTs,1,0,,,6492,
Nidhogg,208,Worst Player,Dancer,Akh Morn,1024,23903,31472,55375,,
Nidhogg,208,Minako Saija,Warrior,Akh Morn,1024,16565,21810,38375,,
Nidhogg,208,Nycto Smycto,Monk,Akh Morn,1024,19578,37116,56694,,
Nidhogg,208,Death Asuran,WhiteMage,Akh Morn,1024,23410,30823,54233,,
Nidhogg,208,Wrath Ocean,Ninja,Akh Morn,1024,14423,26940,47401,6038,
Multiple Enemies,195,Wrath Ocean,Ninja,Combined DoTs,1,3213,,3213,,
Nidhogg,208,Caluriam Mentukal,RedMage,Akh Morn,1024,24653,32459,57112,,
Nidhogg,208,Alastair Feuerkrone,Gunbreaker,Akh Morn,1024,15914,20953,36867,,
Nidhogg,208,Nycto Smycto,Monk,Akh Morn,1024,0,,,20669,
Nidhogg,208,Caluriam Mentukal,RedMage,Akh Morn,1024,0,,,22356,
Nidhogg,208,Minako Saija,Warrior,Akh Morn,1024,0,,,,
Nidhogg,208,Worst Player,Dancer,Akh Morn,1024,25308,33322,58630,,
Nidhogg,208,Charlotte Feuerkrone,Scholar,Akh Morn,1024,0,,,52947,
Nidhogg,208,Alastair Feuerkrone,Gunbreaker,Akh Morn,1024,0,,,,
Nidhogg,208,Wrath Ocean,Ninja,Akh Morn,1024,0,,,,
Nidhogg,208,Death Asuran,WhiteMage,Akh Morn,1024,23489,30927,54416,,
Multiple Enemies,195,Wrath Ocean,Ninja,Combined DoTs,1,0,,,6492,
Nidhogg,208,Wrath Ocean,Ninja,Akh Morn,1024,21433,28220,49653,,
Nidhogg,208,Nycto Smycto,Monk,Akh Morn,1024,11642,37253,56903,8008,
Nidhogg,208,Caluriam Mentukal,RedMage,Akh Morn,1024,19441,33920,59682,6321,
Nidhogg,208,Charlotte Feuerkrone,Scholar,Akh Morn,1024,14505,24901,43813,4407,
Nidhogg,208,Alastair Feuerkrone,Gunbreaker,Akh Morn,1024,3713,42649,75039,28677,
Nidhogg,208,Caluriam Mentukal,RedMage,Akh Morn,1024,12690,29434,51789,9665,
Nidhogg,208,Charlotte Feuerkrone,Scholar,Akh Morn,1024,14609,31954,56223,9660,
Nidhogg,208,Wrath Ocean,Ninja,Akh Morn,1024,18589,29951,52699,4159,
Nidhogg,208,Nycto Smycto,Monk,Akh Morn,1024,10011,39183,59851,10657,
Nidhogg,208,Death Asuran,WhiteMage,Akh Morn,1024,9296,62720,110353,38337,
Nidhogg,208,Minako Saija,Warrior,Akh Morn,1024,0,,,18434,
Nidhogg,208,Worst Player,Dancer,Akh Morn,1024,8809,63360,111477,39308,
Multiple Enemies,195,Wrath Ocean,Ninja,Combined DoTs,1,3269,,3269,,
Hraesvelgr,209,Alastair Feuerkrone,Gunbreaker,Wyrmclaw,128,8867,14623,42517,19027,
Multiple Enemies,195,Wrath Ocean,Ninja,Combined DoTs,1,3011,,3011,,
Hraesvelgr,209,Alastair Feuerkrone,Gunbreaker,Wyrmclaw,128,13545,5036,18581,,
Multiple Enemies,195,Wrath Ocean,Ninja,Combined DoTs,1,3056,,3056,,
Hraesvelgr,209,Alastair Feuerkrone,Gunbreaker,Wyrmclaw,128,13248,4925,18173,,
Nidhogg,189,Death Asuran,WhiteMage,Entangled Flames,1024,30493,13538,44031,,
Nidhogg,189,Caluriam Mentukal,RedMage,Entangled Flames,1024,30052,13342,43394,,
Nidhogg,189,Wrath Ocean,Ninja,Entangled Flames,1024,30488,13535,44023,,
Nidhogg,189,Minako Saija,Warrior,Entangled Flames,1024,17584,20540,66801,28677,
Multiple Enemies,195,Wrath Ocean,Ninja,Combined DoTs,1,3167,,3167,,
Nidhogg,208,Minako Saija,Warrior,Wyrmclaw,128,14224,3337,17561,,
Hraesvelgr,209,Alastair Feuerkrone,Gunbreaker,Wyrmclaw,128,17172,1908,19080,,
Nidhogg,189,Nycto Smycto,Monk,Mortal Vow,1024,14257,,14257,,
Multiple Enemies,195,Nycto Smycto,Monk,Combined DoTs,1,3200,,3200,,
Nidhogg,208,Minako Saija,Warrior,Wyrmclaw,128,18421,,18421,,
Hraesvelgr,209,Alastair Feuerkrone,Gunbreaker,Wyrmclaw,128,18564,,18564,,
Multiple Enemies,195,Nycto Smycto,Monk,Combined DoTs,1,3152,,3152,,
Multiple Enemies,195,Nycto Smycto,Monk,Combined DoTs,1,0,,,7588,
Multiple Enemies,195,Nycto Smycto,Monk,Combined DoTs,1,0,,,7588,
Multiple Enemies,195,Nycto Smycto,Monk,Combined DoTs,1,3186,,3186,,
Hraesvelgr,209,Charlotte Feuerkrone,Scholar,Akh Afah,1024,46271,12926,68030,8833,
Nidhogg,208,Death Asuran,WhiteMage,Akh Afah,1024,40230,12643,66537,13664,
Hraesvelgr,209,Worst Player,Dancer,Akh Afah,1024,21430,22647,65851,21774,
Nidhogg,208,Caluriam Mentukal,RedMage,Akh Afah,1024,39653,12647,66559,14259,
Hraesvelgr,209,Wrath Ocean,Ninja,Akh Afah,1024,49875,13711,72158,8572,
Nidhogg,208,Alastair Feuerkrone,Gunbreaker,Akh Afah,1024,26265,9047,47615,12303,
Hraesvelgr,209,Minako Saija,Warrior,Akh Afah,1024,26495,8230,43313,8588,
Nidhogg,208,Nycto Smycto,Monk,Akh Afah,1024,41727,11162,58744,5855,
Multiple Enemies,195,Nycto Smycto,Monk,Combined DoTs,1,0,,,7588,
Multiple Enemies,195,Nycto Smycto,Monk,Combined DoTs,1,0,,,340,
Multiple Enemies,195,Nycto Smycto,Monk,Combined DoTs,1,1424,,1424,,
Multiple Enemies,195,Nycto Smycto,Monk,Combined DoTs,1,3241,,3241,,
Hraesvelgr,210,Alastair Feuerkrone,Gunbreaker,Hallowed Plume,1024,72249,47202,127572,8121,
Hraesvelgr,210,Minako Saija,Warrior,Hallowed Plume,1024,68522,52154,128773,8097,
Multiple Enemies,195,Nycto Smycto,Monk,Combined DoTs,1,3261,,3261,,
Nidhogg,208,Minako Saija,Warrior,Wyrmclaw,128,13320,5709,19029,,
Hraesvelgr,209,Alastair Feuerkrone,Gunbreaker,Wyrmclaw,128,0,,,11519,
Multiple Enemies,195,Nycto Smycto,Monk,Combined DoTs,1,3264,,3264,,
Nidhogg,208,Minako Saija,Warrior,Wyrmclaw,128,13024,5582,18606,,
Hraesvelgr,209,Alastair Feuerkrone,Gunbreaker,Wyrmclaw,128,7180,5619,18726,5927,
Multiple Enemies,195,Caluriam Mentukal,RedMage,Combined DoTs,1,2900,,2900,,
Nidhogg,189,Caluriam Mentukal,RedMage,Mortal Vow,1024,5416,,13366,7950,
Nidhogg,208,Minako Saija,Warrior,Wyrmclaw,128,9558,5666,18883,3659,
Hraesvelgr,209,Alastair Feuerkrone,Gunbreaker,Wyrmclaw,128,12278,5262,17540,,
Multiple Enemies,195,Caluriam Mentukal,RedMage,Combined DoTs,1,0,,,6393,
Multiple Enemies,195,Caluriam Mentukal,RedMage,Combined DoTs,1,0,,,6393,
Multiple Enemies,195,Caluriam Mentukal,RedMage,Combined DoTs,1,0,,,2842,
Hraesvelgr,210,Alastair Feuerkrone,Gunbreaker,Holy Orb,1024,11758,19878,47102,15466,
Nidhogg,189,Minako Saija,Warrior,Dark Orb,1024,38376,9002,47378,,
Hraesvelgr,210,Minako Saija,Warrior,Holy Orb,1024,16271,9091,47843,22481,
Nidhogg,189,Alastair Feuerkrone,Gunbreaker,Dark Orb,1024,28131,20539,48670,,
Hraesvelgr,210,Caluriam Mentukal,RedMage,Ice Breath,1024,21225,,21225,,
Hraesvelgr,210,Wrath Ocean,Ninja,Ice Breath,1024,13312,,31585,18273,
Hraesvelgr,210,Nycto Smycto,Monk,Ice Breath,1024,8626,6401,31998,16971,
Nidhogg,189,Charlotte Feuerkrone,Scholar,Flame Breath,1024,17085,,30615,13530,
Nidhogg,189,Worst Player,Dancer,Flame Breath,1024,17689,,31423,13734,
Nidhogg,189,Death Asuran,WhiteMage,Flame Breath,1024,15328,,29250,13922,
Multiple Enemies,195,Caluriam Mentukal,RedMage,Combined DoTs,1,2895,,2895,,
Nidhogg,208,Minako Saija,Warrior,Wyrmclaw,128,7902,5318,18991,5771,
Hraesvelgr,209,Alastair Feuerkrone,Gunbreaker,Wyrmclaw,128,10559,7710,18269,,
Multiple Enemies,195,Caluriam Mentukal,RedMage,Combined DoTs,1,2876,,2876,,
Multiple Enemies,195,Caluriam Mentukal,RedMage,Combined DoTs,1,2806,,2806,,
Alastair Feuerkrone,150,Alastair Feuerkrone,Gunbreaker,Superbolide,32,85451,902,86353,,
Multiple Enemies,195,Caluriam Mentukal,RedMage,Combined DoTs,1,0,,,6393,
Hraesvelgr,209,Minako Saija,Warrior,Cauterize,1024,90364,64371,229891,75156,
Nidhogg,208,Alastair Feuerkrone,Gunbreaker,Cauterize,1024,0,,,,
Multiple Enemies,195,Wrath Ocean,Ninja,Combined DoTs,1,3093,,3093,,
Hraesvelgr,209,Wrath Ocean,Ninja,Deep Freeze,8,3093,,3437,0,
Multiple Enemies,195,Caluriam Mentukal,RedMage,Combined DoTs,1,5789,,5789,,
Hraesvelgr,209,Caluriam Mentukal,RedMage,Deep Freeze,8,5789,,6433,0,
Hraesvelgr,209,Death Asuran,WhiteMage,Cauterize,1024,42575,5530,55295,7190,
Nidhogg,208,Wrath Ocean,Ninja,Cauterize,1024,43152,5616,56153,7385,
Hraesvelgr,209,Charlotte Feuerkrone,Scholar,Cauterize,1024,43826,5671,56703,7206,
Nidhogg,208,Nycto Smycto,Monk,Cauterize,1024,30456,14697,52489,7336,
Hraesvelgr,209,Worst Player,Dancer,Cauterize,1024,48581,,55902,7321,
Nidhogg,208,Caluriam Mentukal,RedMage,Cauterize,1024,38473,4275,42748,,
Multiple Enemies,195,Minako Saija,Warrior,Combined DoTs,1,6323,,18299,11976,
Hraesvelgr,209,Minako Saija,Warrior,Frostbite,32,6323,,25416,11976,
Multiple Enemies,195,Caluriam Mentukal,RedMage,Combined DoTs,1,0,,,4361,
Hraesvelgr,209,Caluriam Mentukal,RedMage,Deep Freeze,8,0,,,4361,
Multiple Enemies,195,Minako Saija,Warrior,Combined DoTs,1,9833,,16964,7131,
Hraesvelgr,209,Minako Saija,Warrior,Frostbite,32,9833,,23562,7131,
Multiple Enemies,195,Caluriam Mentukal,RedMage,Combined DoTs,1,0,,,4361,
Hraesvelgr,209,Caluriam Mentukal,RedMage,Deep Freeze,8,0,,,4361,
Hraesvelgr,210,Death Asuran,WhiteMage,Touchdown,128,2428,1531,15295,11336,
Nidhogg,189,Death Asuran,WhiteMage,Touchdown,128,10649,3271,13920,,1879
Hraesvelgr,210,Caluriam Mentukal,RedMage,Touchdown,128,8448,1277,12757,3032,
Nidhogg,189,Caluriam Mentukal,RedMage,Touchdown,128,11010,3383,14393,,1943
Hraesvelgr,210,Minako Saija,Warrior,Touchdown,128,5985,2328,8313,,
Nidhogg,189,Minako Saija,Warrior,Touchdown,128,6395,2487,8882,,
Hraesvelgr,210,Nycto Smycto,Monk,Touchdown,128,0,,,,
Nidhogg,189,Nycto Smycto,Monk,Touchdown,128,8331,7663,27365,11371,
Hraesvelgr,210,Wrath Ocean,Ninja,Touchdown,128,3516,1914,12921,7491,1941
Nidhogg,189,Wrath Ocean,Ninja,Touchdown,128,12835,1427,14262,,
Hraesvelgr,210,Charlotte Feuerkrone,Scholar,Touchdown,128,1929,1488,14831,11414,
Nidhogg,189,Charlotte Feuerkrone,Scholar,Touchdown,128,13509,1501,15010,,
Hraesvelgr,210,Worst Player,Dancer,Touchdown,128,5115,1380,13779,7284,
Nidhogg,189,Worst Player,Dancer,Touchdown,128,12821,1425,14246,,
Multiple Enemies,195,Minako Saija,Warrior,Combined DoTs,1,16822,,16822,,
Hraesvelgr,209,Minako Saija,Warrior,Frostbite,32,16822,,23364,0,
Multiple Enemies,195,Caluriam Mentukal,RedMage,Combined DoTs,1,2930,,2930,,
Hraesvelgr,209,Caluriam Mentukal,RedMage,Deep Freeze,8,2930,,3256,0,
Multiple Enemies,195,Alastair Feuerkrone,Gunbreaker,Combined DoTs,1,3225,,18233,15008,
Nidhogg,208,Alastair Feuerkrone,Gunbreaker,Burns,32,3225,,22796,15008,
Nidhogg,189,Alastair Feuerkrone,Gunbreaker,Mortal Vow,1024,8568,952,9520,,
Multiple Enemies,195,Minako Saija,Warrior,Combined DoTs,1,18179,,18179,,
Hraesvelgr,209,Minako Saija,Warrior,Frostbite,32,18179,,25249,0,
Multiple Enemies,195,Alastair Feuerkrone,Gunbreaker,Combined DoTs,1,21851,,21851,,
Nidhogg,208,Alastair Feuerkrone,Gunbreaker,Burns,32,21851,,27314,0,
Multiple Enemies,195,Minako Saija,Warrior,Combined DoTs,1,18268,,18268,,
Hraesvelgr,209,Minako Saija,Warrior,Frostbite,32,18268,,25373,0,
Multiple Enemies,195,Alastair Feuerkrone,Gunbreaker,Combined DoTs,1,22378,,22378,,
Nidhogg,208,Alastair Feuerkrone,Gunbreaker,Burns,32,22378,,27973,0,
Multiple Enemies,195,Minako Saija,Warrior,Combined DoTs,1,18365,,18365,,
Hraesvelgr,209,Minako Saija,Warrior,Frostbite,32,18365,,25507,0,
Multiple Enemies,195,Alastair Feuerkrone,Gunbreaker,Combined DoTs,1,21178,,21178,,
Nidhogg,208,Alastair Feuerkrone,Gunbreaker,Burns,32,21178,,26473,0,
Multiple Enemies,195,Minako Saija,Warrior,Combined DoTs,1,18252,,18252,,
Hraesvelgr,209,Minako Saija,Warrior,Frostbite,32,18252,,25350,0,
Multiple Enemies,195,Minako Saija,Warrior,Combined DoTs,1,18173,,18173,,
Hraesvelgr,209,Minako Saija,Warrior,Frostbite,32,18173,,25241,0,
Multiple Enemies,195,Minako Saija,Warrior,Combined DoTs,1,17653,,17653,,
Hraesvelgr,209,Minako Saija,Warrior,Frostbite,32,17653,,24519,0,
Estinien,194,Minako Saija,Warrior,Resentment,1024,17961,,25305,7344,
Estinien,194,Worst Player,Dancer,Resentment,1024,30286,,42236,11950,
Estinien,194,Alastair Feuerkrone,Gunbreaker,Resentment,1024,18132,,25260,7128,
Estinien,194,Wrath Ocean,Ninja,Resentment,1024,28896,,40878,11982,
Estinien,194,Charlotte Feuerkrone,Scholar,Resentment,1024,30577,,37649,7072,
Estinien,194,Death Asuran,WhiteMage,Resentment,1024,30191,,37669,7478,
Estinien,194,Nycto Smycto,Monk,Resentment,1024,33600,,40867,7267,
Estinien,194,Caluriam Mentukal,RedMage,Resentment,1024,26112,,37481,11369,
Multiple Enemies,195,Minako Saija,Warrior,Combined DoTs,1,0,,,6362,
Estinien,194,Minako Saija,Warrior,Bleeding,64,0,,,6362,
Multiple Enemies,195,Death Asuran,WhiteMage,Combined DoTs,1,0,,,9249,
Estinien,194,Death Asuran,WhiteMage,Bleeding,64,0,,,9249,
Multiple Enemies,195,Wrath Ocean,Ninja,Combined DoTs,1,2767,,9928,7161,
Estinien,194,Wrath Ocean,Ninja,Bleeding,64,2767,,9928,7161,
Multiple Enemies,195,Caluriam Mentukal,RedMage,Combined DoTs,1,1622,,8838,7216,
Estinien,194,Caluriam Mentukal,RedMage,Bleeding,64,1622,,8838,7216,
Multiple Enemies,195,Charlotte Feuerkrone,Scholar,Combined DoTs,1,2390,,9684,7294,
Estinien,194,Charlotte Feuerkrone,Scholar,Bleeding,64,2390,,9684,7294,
Multiple Enemies,195,Nycto Smycto,Monk,Combined DoTs,1,2789,,10025,7236,
Estinien,194,Nycto Smycto,Monk,Bleeding,64,2789,,10025,7236,
Multiple Enemies,195,Worst Player,Dancer,Combined DoTs,1,0,,,9778,
Estinien,194,Worst Player,Dancer,Bleeding,64,0,,,9778,
Multiple Enemies,195,Alastair Feuerkrone,Gunbreaker,Combined DoTs,1,0,,,6293,
Estinien,194,Alastair Feuerkrone,Gunbreaker,Bleeding,64,0,,,6293,
Multiple Enemies,195,Minako Saija,Warrior,Combined DoTs,1,5414,,6360,946,
Estinien,194,Minako Saija,Warrior,Bleeding,64,5414,,6360,946,
Multiple Enemies,195,Death Asuran,WhiteMage,Combined DoTs,1,7008,,9387,2379,
Estinien,194,Death Asuran,WhiteMage,Bleeding,64,7008,,9387,2379,
Multiple Enemies,195,Wrath Ocean,Ninja,Combined DoTs,1,9734,,9734,,
Estinien,194,Wrath Ocean,Ninja,Bleeding,64,9734,,9734,0,
Multiple Enemies,195,Caluriam Mentukal,RedMage,Combined DoTs,1,9661,,9661,,
Estinien,194,Caluriam Mentukal,RedMage,Bleeding,64,9661,,9661,0,
Multiple Enemies,195,Charlotte Feuerkrone,Scholar,Combined DoTs,1,8962,,8962,,
Estinien,194,Charlotte Feuerkrone,Scholar,Bleeding,64,8962,,8962,0,
Multiple Enemies,195,Nycto Smycto,Monk,Combined DoTs,1,2190,,9622,7432,
Estinien,194,Nycto Smycto,Monk,Bleeding,64,2190,,9622,7432,
Multiple Enemies,195,Worst Player,Dancer,Combined DoTs,1,2170,,9653,7483,
Estinien,194,Worst Player,Dancer,Bleeding,64,2170,,9653,7483,
Multiple Enemies,195,Alastair Feuerkrone,Gunbreaker,Combined DoTs,1,0,,,6293,
Estinien,194,Alastair Feuerkrone,Gunbreaker,Bleeding,64,0,,,6293,
Nidhogg,189,Minako Saija,Warrior,Shockwave,1024,9890,2428,24271,11953,
Nidhogg,189,Alastair Feuerkrone,Gunbreaker,Shockwave,1024,13777,2338,23375,7260,
Nidhogg,189,Worst Player,Dancer,Shockwave,1024,26304,3756,37548,7488,
Nidhogg,189,Wrath Ocean,Ninja,Shockwave,1024,21086,3661,36601,11854,
Nidhogg,189,Death Asuran,WhiteMage,Shockwave,1024,23496,3441,34402,7465,
Nidhogg,189,Nycto Smycto,Monk,Shockwave,1024,26021,3718,37166,7427,
Nidhogg,189,Caluriam Mentukal,RedMage,Shockwave,1024,23561,3442,34412,7409,
Nidhogg,189,Charlotte Feuerkrone,Scholar,Shockwave,1024,24327,3523,35229,7379,
Multiple Enemies,195,Minako Saija,Warrior,Combined DoTs,1,8504,,8504,,
Nidhogg,189,Minako Saija,Warrior,Bleeding,64,8504,,9449,0,
Multiple Enemies,195,Death Asuran,WhiteMage,Combined DoTs,1,11920,,11920,,
Nidhogg,189,Death Asuran,WhiteMage,Bleeding,64,11920,,13245,0,
Multiple Enemies,195,Wrath Ocean,Ninja,Combined DoTs,1,13173,,13173,,
Nidhogg,189,Wrath Ocean,Ninja,Bleeding,64,13173,,14637,0,
Multiple Enemies,195,Caluriam Mentukal,RedMage,Combined DoTs,1,13041,,13041,,
Nidhogg,189,Caluriam Mentukal,RedMage,Bleeding,64,13041,,14490,0,
Multiple Enemies,195,Charlotte Feuerkrone,Scholar,Combined DoTs,1,12179,,12179,,
Nidhogg,189,Charlotte Feuerkrone,Scholar,Bleeding,64,12179,,13533,0,
Multiple Enemies,195,Nycto Smycto,Monk,Combined DoTs,1,13420,,13420,,
Nidhogg,189,Nycto Smycto,Monk,Bleeding,64,13420,,14912,0,
Multiple Enemies,195,Worst Player,Dancer,Combined DoTs,1,12929,,12929,,
Nidhogg,189,Worst Player,Dancer,Bleeding,64,12929,,14366,0,
Multiple Enemies,195,Alastair Feuerkrone,Gunbreaker,Combined DoTs,1,8544,,8544,,
Nidhogg,189,Alastair Feuerkrone,Gunbreaker,Bleeding,64,8544,,9494,0,
Multiple Enemies,195,Minako Saija,Warrior,Combined DoTs,1,0,,,8505,
Nidhogg,189,Minako Saija,Warrior,Bleeding,64,0,,,8505,
Multiple Enemies,195,Death Asuran,WhiteMage,Combined DoTs,1,4185,,4185,,
Nidhogg,189,Death Asuran,WhiteMage,Bleeding,64,4185,,4650,0,
Multiple Enemies,195,Wrath Ocean,Ninja,Combined DoTs,1,5452,,13466,8014,
Nidhogg,189,Wrath Ocean,Ninja,Bleeding,64,5452,,14963,8014,
Multiple Enemies,195,Caluriam Mentukal,RedMage,Combined DoTs,1,0,,,13041,
Nidhogg,189,Caluriam Mentukal,RedMage,Bleeding,64,0,,,13041,
Multiple Enemies,195,Charlotte Feuerkrone,Scholar,Combined DoTs,1,57,,12493,12436,
Nidhogg,189,Charlotte Feuerkrone,Scholar,Bleeding,64,57,,14028,12436,
Multiple Enemies,195,Nycto Smycto,Monk,Combined DoTs,1,5201,,13361,8160,
Nidhogg,189,Nycto Smycto,Monk,Bleeding,64,5201,,14846,8160,
Multiple Enemies,195,Worst Player,Dancer,Combined DoTs,1,5706,,13878,8172,
Nidhogg,189,Worst Player,Dancer,Bleeding,64,5706,,15420,8172,
Multiple Enemies,195,Alastair Feuerkrone,Gunbreaker,Combined DoTs,1,691,,8886,8195,
Nidhogg,189,Alastair Feuerkrone,Gunbreaker,Bleeding,64,691,,9877,8195,
Multiple Enemies,195,Minako Saija,Warrior,Combined DoTs,1,4209,,8396,4187,
Nidhogg,189,Minako Saija,Warrior,Bleeding,64,4209,,9330,4187,
Multiple Enemies,195,Death Asuran,WhiteMage,Combined DoTs,1,12804,,12804,,
Nidhogg,189,Death Asuran,WhiteMage,Bleeding,64,12804,,14227,0,
Multiple Enemies,195,Wrath Ocean,Ninja,Combined DoTs,1,12896,,12896,,
Nidhogg,189,Wrath Ocean,Ninja,Bleeding,64,12896,,14329,0,
Multiple Enemies,195,Caluriam Mentukal,RedMage,Combined DoTs,1,11575,,11602,27,
Nidhogg,189,Caluriam Mentukal,RedMage,Bleeding,64,11575,,12893,27,
Multiple Enemies,195,Charlotte Feuerkrone,Scholar,Combined DoTs,1,12612,,12612,,
Nidhogg,189,Charlotte Feuerkrone,Scholar,Bleeding,64,12612,,14014,0,
Multiple Enemies,195,Nycto Smycto,Monk,Combined DoTs,1,13635,,13635,,
Nidhogg,189,Nycto Smycto,Monk,Bleeding,64,13635,,15150,0,
Multiple Enemies,195,Worst Player,Dancer,Combined DoTs,1,13988,,13988,,
Nidhogg,189,Worst Player,Dancer,Bleeding,64,13988,,15543,0,
Multiple Enemies,195,Alastair Feuerkrone,Gunbreaker,Combined DoTs,1,8651,,8651,,
Nidhogg,189,Alastair Feuerkrone,Gunbreaker,Bleeding,64,8651,,9613,0,
Dragon-king Thordan,212,Alastair Feuerkrone,Gunbreaker,Alternative End,1024,14249,25640,74554,34665,
Dragon-king Thordan,212,Minako Saija,Warrior,Alternative End,1024,12119,28283,75075,34673,
Dragon-king Thordan,212,Worst Player,Dancer,Alternative End,1024,36133,43813,127397,47451,
Dragon-king Thordan,212,Wrath Ocean,Ninja,Alternative End,1024,28943,48359,118087,40785,
Dragon-king Thordan,212,Charlotte Feuerkrone,Scholar,Alternative End,1024,20993,40859,118808,56956,
Dragon-king Thordan,212,Death Asuran,WhiteMage,Alternative End,1024,25654,38020,110554,46880,
Dragon-king Thordan,212,Caluriam Mentukal,RedMage,Alternative End,1024,21741,58877,111940,31322,
Dragon-king Thordan,212,Nycto Smycto,Monk,Alternative End,1024,28836,54985,115726,31905,
Dragon-king Thordan,212,Wrath Ocean,Ninja,Trinity,128,40502,,40502,,
Dragon-king Thordan,212,Alastair Feuerkrone,Gunbreaker,Trinity,1024,21507,10234,36875,5134,
Dragon-king Thordan,212,Minako Saija,Warrior,Trinity,1024,20436,12411,39841,6994,
Dragon-king Thordan,212,Nycto Smycto,Monk,Trinity,128,33187,8297,41484,,
Dragon-king Thordan,212,Alastair Feuerkrone,Gunbreaker,Trinity,1024,41914,7397,49311,,
Dragon-king Thordan,212,Minako Saija,Warrior,Trinity,1024,36782,11300,48082,,
Dragon-king Thordan,212,Charlotte Feuerkrone,Scholar,Akh Morn's Edge,1024,14093,10168,33069,8808,
Dragon-king Thordan,212,Caluriam Mentukal,RedMage,Akh Morn's Edge,1024,10596,10905,35469,13968,
Dragon-king Thordan,212,Minako Saija,Warrior,Akh Morn's Edge,1024,22689,33655,65321,8977,
Dragon-king Thordan,212,Worst Player,Dancer,Akh Morn's Edge,1024,17655,11625,37808,8528,
Dragon-king Thordan,212,Nycto Smycto,Monk,Akh Morn's Edge,1024,16211,11136,36219,8872,
Dragon-king Thordan,212,Alastair Feuerkrone,Gunbreaker,Akh Morn's Edge,1024,20166,35579,69056,13311,
Dragon-king Thordan,212,Wrath Ocean,Ninja,Akh Morn's Edge,1024,17492,11552,37570,8526,
Dragon-king Thordan,212,Death Asuran,WhiteMage,Akh Morn's Edge,1024,15817,10789,35089,8483,
Dragon-king Thordan,212,Worst Player,Dancer,Akh Morn's Edge,1024,13873,13539,35938,8526,
Dragon-king Thordan,212,Nycto Smycto,Monk,Akh Morn's Edge,1024,19137,19242,38379,,
Dragon-king Thordan,212,Minako Saija,Warrior,Akh Morn's Edge,1024,28869,37298,66167,,
Dragon-king Thordan,212,Wrath Ocean,Ninja,Akh Morn's Edge,1024,14183,14005,37176,8988,
Dragon-king Thordan,212,Caluriam Mentukal,RedMage,Akh Morn's Edge,1024,13596,13458,35722,8668,
Dragon-king Thordan,212,Alastair Feuerkrone,Gunbreaker,Akh Morn's Edge,1024,27187,39739,70497,3571,
Dragon-king Thordan,212,Charlotte Feuerkrone,Scholar,Akh Morn's Edge,1024,12892,12988,34476,8596,
Dragon-king Thordan,212,Death Asuran,WhiteMage,Akh Morn's Edge,1024,21838,13199,35037,,
Dragon-king Thordan,212,Worst Player,Dancer,Akh Morn's Edge,1024,8189,13383,35522,13950,
Dragon-king Thordan,212,Nycto Smycto,Monk,Akh Morn's Edge,1024,10065,18966,37827,8796,
Dragon-king Thordan,212,Minako Saija,Warrior,Akh Morn's Edge,1024,15780,38057,67512,13675,
Dragon-king Thordan,212,Wrath Ocean,Ninja,Akh Morn's Edge,1024,10071,14480,38437,13886,
Dragon-king Thordan,212,Caluriam Mentukal,RedMage,Akh Morn's Edge,1024,8334,13617,36146,14195,
Dragon-king Thordan,212,Alastair Feuerkrone,Gunbreaker,Akh Morn's Edge,1024,21002,38588,68455,8865,
Dragon-king Thordan,212,Charlotte Feuerkrone,Scholar,Akh Morn's Edge,1024,11745,12415,32955,8795,
Dragon-king Thordan,212,Death Asuran,WhiteMage,Akh Morn's Edge,1024,7220,12672,33636,13744,
Dragon-king Thordan,212,Worst Player,Dancer,Akh Morn's Edge,1024,24024,14520,38544,,
Dragon-king Thordan,212,Nycto Smycto,Monk,Akh Morn's Edge,1024,17681,17778,35459,,
Dragon-king Thordan,212,Minako Saija,Warrior,Akh Morn's Edge,1024,28189,36420,64609,,
Dragon-king Thordan,212,Wrath Ocean,Ninja,Akh Morn's Edge,1024,23737,14347,38084,,
Dragon-king Thordan,212,Caluriam Mentukal,RedMage,Akh Morn's Edge,1024,21102,12754,33856,,
Dragon-king Thordan,212,Alastair Feuerkrone,Gunbreaker,Akh Morn's Edge,1024,29741,38425,68166,,
Dragon-king Thordan,212,Charlotte Feuerkrone,Scholar,Akh Morn's Edge,1024,21761,13152,34913,,
Dragon-king Thordan,212,Death Asuran,WhiteMage,Akh Morn's Edge,1024,20479,12378,32857,,
Dragon-king Thordan,212,Worst Player,Dancer,Akh Morn's Edge,1024,22947,13869,36816,,
Dragon-king Thordan,212,Nycto Smycto,Monk,Akh Morn's Edge,1024,17763,17861,35624,,
Dragon-king Thordan,212,Minako Saija,Warrior,Akh Morn's Edge,1024,28731,37120,65851,,
Dragon-king Thordan,212,Wrath Ocean,Ninja,Akh Morn's Edge,1024,21827,13192,35019,,
Dragon-king Thordan,212,Caluriam Mentukal,RedMage,Akh Morn's Edge,1024,21165,12792,33957,,
Dragon-king Thordan,212,Alastair Feuerkrone,Gunbreaker,Akh Morn's Edge,1024,30145,38947,69092,,
Dragon-king Thordan,212,Charlotte Feuerkrone,Scholar,Akh Morn's Edge,1024,20827,12588,33415,,
Dragon-king Thordan,212,Death Asuran,WhiteMage,Akh Morn's Edge,1024,22549,13629,36178,,
Dragon-king Thordan,212,Worst Player,Dancer,Trinity,128,26540,3896,38954,8518,
Dragon-king Thordan,212,Minako Saija,Warrior,Trinity,1024,0,,,20476,
Dragon-king Thordan,212,Alastair Feuerkrone,Gunbreaker,Trinity,1024,13354,15604,37618,8660,
Dragon-king Thordan,212,Caluriam Mentukal,RedMage,Trinity,128,34964,,43538,8574,
Dragon-king Thordan,212,Minako Saija,Warrior,Trinity,1024,36389,4895,48940,7656,
Dragon-king Thordan,212,Alastair Feuerkrone,Gunbreaker,Trinity,1024,26471,7406,49364,15487,
Dragon-king Thordan,212,Caluriam Mentukal,RedMage,Gigaflare's Edge,1024,22652,5525,55244,27067,
Dragon-king Thordan,212,Wrath Ocean,Ninja,Gigaflare's Edge,1024,19531,6167,61643,35945,
Dragon-king Thordan,212,Worst Player,Dancer,Gigaflare's Edge,1024,34801,6437,64364,23126,
Dragon-king Thordan,212,Death Asuran,WhiteMage,Gigaflare's Edge,1024,25126,5841,58401,27434,
Dragon-king Thordan,212,Alastair Feuerkrone,Gunbreaker,Gigaflare's Edge,1024,12847,3874,38723,22002,
Dragon-king Thordan,212,Nycto Smycto,Monk,Gigaflare's Edge,1024,20379,17009,60741,23353,
Dragon-king Thordan,212,Charlotte Feuerkrone,Scholar,Gigaflare's Edge,1024,30977,5918,59171,22276,
Dragon-king Thordan,212,Minako Saija,Warrior,Gigaflare's Edge,1024,7771,3946,39431,27714,
Dragon-king Thordan,212,Alastair Feuerkrone,Gunbreaker,Gigaflare's Edge,1024,27600,8216,43235,7419,
Dragon-king Thordan,212,Minako Saija,Warrior,Gigaflare's Edge,1024,22474,11075,40864,7315,
Dragon-king Thordan,212,Nycto Smycto,Monk,Gigaflare's Edge,1024,40246,17702,65316,7368,
Dragon-king Thordan,212,Wrath Ocean,Ninja,Gigaflare's Edge,1024,31938,16130,59519,11451,
Dragon-king Thordan,212,Charlotte Feuerkrone,Scholar,Gigaflare's Edge,1024,34667,10914,57440,11859,
Dragon-king Thordan,212,Death Asuran,WhiteMage,Gigaflare's Edge,1024,42368,11627,61188,7193,
Dragon-king Thordan,212,Caluriam Mentukal,RedMage,Gigaflare's Edge,1024,37293,11302,59482,10887,
Dragon-king Thordan,212,Worst Player,Dancer,Gigaflare's Edge,1024,37386,16577,61169,7206,
Dragon-king Thordan,212,Alastair Feuerkrone,Gunbreaker,Gigaflare's Edge,1024,32930,11734,61750,17086,
Dragon-king Thordan,212,Nycto Smycto,Monk,Gigaflare's Edge,1024,35449,12278,64612,16885,
Dragon-king Thordan,212,Minako Saija,Warrior,Gigaflare's Edge,1024,20384,7715,40600,12501,
Dragon-king Thordan,212,Wrath Ocean,Ninja,Gigaflare's Edge,1024,40211,12269,64568,12088,
Dragon-king Thordan,212,Death Asuran,WhiteMage,Gigaflare's Edge,1024,35330,11162,58739,12247,
Dragon-king Thordan,212,Charlotte Feuerkrone,Scholar,Gigaflare's Edge,1024,35359,11175,58807,12273,
Dragon-king Thordan,212,Worst Player,Dancer,Gigaflare's Edge,1024,39895,12268,64561,12398,
Dragon-king Thordan,212,Caluriam Mentukal,RedMage,Gigaflare's Edge,1024,35869,11355,59761,12537,
Dragon-king Thordan,212,Charlotte Feuerkrone,Scholar,Trinity,128,25617,4085,40841,11139,
Dragon-king Thordan,212,Alastair Feuerkrone,Gunbreaker,Trinity,1024,18267,8878,37773,10628,
Dragon-king Thordan,212,Minako Saija,Warrior,Trinity,1024,28464,3951,39501,7086,
Dragon-king Thordan,212,Death Asuran,WhiteMage,Trinity,128,24903,4395,40886,11588,6441
Dragon-king Thordan,212,Alastair Feuerkrone,Gunbreaker,Trinity,1024,50864,,50864,,
Dragon-king Thordan,212,Minako Saija,Warrior,Trinity,1024,31879,9201,48424,7344,
Dragon-king Thordan,212,Wrath Ocean,Ninja,Trinity,128,41007,,41007,,
Dragon-king Thordan,212,Minako Saija,Warrior,Trinity,1024,40016,,40016,,
Dragon-king Thordan,212,Alastair Feuerkrone,Gunbreaker,Trinity,1024,29065,5717,38106,3324,
Dragon-king Thordan,212,Nycto Smycto,Monk,Trinity,128,32122,8031,40153,,
Dragon-king Thordan,212,Minako Saija,Warrior,Trinity,1024,50050,,50050,,
Dragon-king Thordan,212,Alastair Feuerkrone,Gunbreaker,Trinity,1024,52567,,52567,,
Dragon-king Thordan,212,Worst Player,Dancer,Akh Morn's Edge,1024,6614,14936,36618,15068,
Dragon-king Thordan,212,Death Asuran,WhiteMage,Akh Morn's Edge,1024,11834,11247,32877,9796,
Dragon-king Thordan,212,Minako Saija,Warrior,Akh Morn's Edge,1024,27482,28637,70208,14089,
Dragon-king Thordan,212,Charlotte Feuerkrone,Scholar,Akh Morn's Edge,1024,4128,13496,33084,15460,
Dragon-king Thordan,212,Caluriam Mentukal,RedMage,Akh Morn's Edge,1024,10084,13683,33544,9777,
Dragon-king Thordan,212,Alastair Feuerkrone,Gunbreaker,Akh Morn's Edge,1024,31954,28827,70675,9894,
Dragon-king Thordan,212,Wrath Ocean,Ninja,Akh Morn's Edge,1024,11817,15000,36775,9958,
Dragon-king Thordan,212,Nycto Smycto,Monk,Akh Morn's Edge,1024,8359,20099,38187,9729,
Dragon-king Thordan,212,Worst Player,Dancer,Akh Morn's Edge,1024,11376,14504,35560,9680,
Dragon-king Thordan,212,Death Asuran,WhiteMage,Akh Morn's Edge,1024,10308,13669,33511,9534,
Dragon-king Thordan,212,Alastair Feuerkrone,Gunbreaker,Akh Morn's Edge,1024,17006,34021,64640,13613,
Dragon-king Thordan,212,Wrath Ocean,Ninja,Akh Morn's Edge,1024,6782,15528,38068,15758,
Dragon-king Thordan,212,Caluriam Mentukal,RedMage,Akh Morn's Edge,1024,10263,13855,33967,9849,
Dragon-king Thordan,212,Minako Saija,Warrior,Akh Morn's Edge,1024,15426,36212,69587,17949,
Dragon-king Thordan,212,Charlotte Feuerkrone,Scholar,Akh Morn's Edge,1024,4139,13762,33733,15832,
Dragon-king Thordan,212,Nycto Smycto,Monk,Akh Morn's Edge,1024,7632,19045,36185,9508,
Dragon-king Thordan,212,Wrath Ocean,Ninja,Akh Morn's Edge,1024,21339,14699,36038,,
Dragon-king Thordan,212,Death Asuran,WhiteMage,Akh Morn's Edge,1024,20667,14236,34903,,
Dragon-king Thordan,212,Alastair Feuerkrone,Gunbreaker,Akh Morn's Edge,1024,29952,40303,70255,,
Dragon-king Thordan,212,Worst Player,Dancer,Akh Morn's Edge,1024,21392,14736,36128,,
Dragon-king Thordan,212,Caluriam Mentukal,RedMage,Akh Morn's Edge,1024,20091,13840,33931,,
Dragon-king Thordan,212,Minako Saija,Warrior,Akh Morn's Edge,1024,25091,40302,65393,,
Dragon-king Thordan,212,Charlotte Feuerkrone,Scholar,Akh Morn's Edge,1024,20598,14189,34787,,
Dragon-king Thordan,212,Nycto Smycto,Monk,Akh Morn's Edge,1024,17174,19081,36255,,
Dragon-king Thordan,212,Wrath Ocean,Ninja,Akh Morn's Edge,1024,6315,14752,36167,15100,
Dragon-king Thordan,212,Death Asuran,WhiteMage,Akh Morn's Edge,1024,10859,14096,34559,9604,
Dragon-king Thordan,212,Alastair Feuerkrone,Gunbreaker,Akh Morn's Edge,1024,18861,38226,66634,9547,
Dragon-king Thordan,212,Worst Player,Dancer,Akh Morn's Edge,1024,12994,15589,38218,9635,
Dragon-king Thordan,212,Caluriam Mentukal,RedMage,Akh Morn's Edge,1024,10910,14180,34762,9672,
Dragon-king Thordan,212,Minako Saija,Warrior,Akh Morn's Edge,1024,15900,41432,67226,9894,
Dragon-king Thordan,212,Charlotte Feuerkrone,Scholar,Akh Morn's Edge,1024,4743,13642,33441,15056,
Dragon-king Thordan,212,Nycto Smycto,Monk,Akh Morn's Edge,1024,6342,15342,37612,15928,
Dragon-king Thordan,212,Wrath Ocean,Ninja,Akh Morn's Edge,1024,21376,14725,36101,,
Dragon-king Thordan,212,Death Asuran,WhiteMage,Akh Morn's Edge,1024,20093,13841,33934,,
Dragon-king Thordan,212,Alastair Feuerkrone,Gunbreaker,Akh Morn's Edge,1024,28743,38677,67420,,
Dragon-king Thordan,212,Worst Player,Dancer,Akh Morn's Edge,1024,21152,14570,35722,,
Dragon-king Thordan,212,Caluriam Mentukal,RedMage,Akh Morn's Edge,1024,20271,13964,34235,,
Dragon-king Thordan,212,Minako Saija,Warrior,Akh Morn's Edge,1024,26343,42313,68656,,
Dragon-king Thordan,212,Charlotte Feuerkrone,Scholar,Akh Morn's Edge,1024,21012,14474,35486,,
Dragon-king Thordan,212,Nycto Smycto,Monk,Akh Morn's Edge,1024,22442,15459,37901,,
Dragon-king Thordan,212,Wrath Ocean,Ninja,Akh Morn's Edge,1024,21583,14867,36450,,
Dragon-king Thordan,212,Death Asuran,WhiteMage,Akh Morn's Edge,1024,19763,13614,33377,,
Dragon-king Thordan,212,Alastair Feuerkrone,Gunbreaker,Akh Morn's Edge,1024,28668,38576,67244,,
Dragon-king Thordan,212,Worst Player,Dancer,Akh Morn's Edge,1024,20865,14373,35238,,
Dragon-king Thordan,212,Caluriam Mentukal,RedMage,Akh Morn's Edge,1024,19571,13481,33052,,
Dragon-king Thordan,212,Minako Saija,Warrior,Akh Morn's Edge,1024,30075,40469,70544,,
Dragon-king Thordan,212,Charlotte Feuerkrone,Scholar,Akh Morn's Edge,1024,20542,14150,34692,,
Dragon-king Thordan,212,Nycto Smycto,Monk,Akh Morn's Edge,1024,22572,15548,38120,,
Dragon-king Thordan,212,Worst Player,Dancer,Trinity,128,34641,3849,38490,,
Dragon-king Thordan,212,Alastair Feuerkrone,Gunbreaker,Trinity,1024,2093,16801,37669,18775,
Dragon-king Thordan,212,Minako Saija,Warrior,Trinity,1024,9610,14418,37506,13478,
Dragon-king Thordan,212,Caluriam Mentukal,RedMage,Trinity,128,38797,4311,43108,,
Dragon-king Thordan,212,Alastair Feuerkrone,Gunbreaker,Trinity,1024,31889,17323,49212,,
Dragon-king Thordan,212,Minako Saija,Warrior,Trinity,1024,36248,14097,50345,,
Dragon-king Thordan,212,Caluriam Mentukal,RedMage,Gigaflare's Edge,1024,7250,10780,56726,38696,
Dragon-king Thordan,212,Minako Saija,Warrior,Gigaflare's Edge,1024,13891,7799,41038,19348,
Dragon-king Thordan,212,Wrath Ocean,Ninja,Gigaflare's Edge,1024,31648,11963,62959,19348,
Dragon-king Thordan,212,Worst Player,Dancer,Gigaflare's Edge,1024,28664,11263,59275,19348,
Dragon-king Thordan,212,Death Asuran,WhiteMage,Gigaflare's Edge,1024,28842,11305,59495,19348,
Dragon-king Thordan,212,Alastair Feuerkrone,Gunbreaker,Gigaflare's Edge,1024,12988,7587,39923,19348,
Dragon-king Thordan,212,Nycto Smycto,Monk,Gigaflare's Edge,1024,19273,20981,59602,19348,
Dragon-king Thordan,212,Charlotte Feuerkrone,Scholar,Gigaflare's Edge,1024,27051,10885,57284,19348,
Dragon-king Thordan,212,Alastair Feuerkrone,Gunbreaker,Gigaflare's Edge,1024,47754,20656,76218,7808,
Dragon-king Thordan,212,Minako Saija,Warrior,Gigaflare's Edge,1024,35172,15906,58692,7614,
Dragon-king Thordan,212,Wrath Ocean,Ninja,Gigaflare's Edge,1024,35355,16068,59290,7867,
Dragon-king Thordan,212,Caluriam Mentukal,RedMage,Gigaflare's Edge,1024,41536,11510,60572,7526,
Dragon-king Thordan,212,Nycto Smycto,Monk,Gigaflare's Edge,1024,30933,16148,59581,12500,
Dragon-king Thordan,212,Death Asuran,WhiteMage,Gigaflare's Edge,1024,37820,10612,55849,7417,
Dragon-king Thordan,212,Charlotte Feuerkrone,Scholar,Gigaflare's Edge,1024,39902,11139,58623,7582,
Dragon-king Thordan,212,Worst Player,Dancer,Gigaflare's Edge,1024,38266,17110,63132,7756,
Dragon-king Thordan,212,Alastair Feuerkrone,Gunbreaker,Gigaflare's Edge,1024,10840,9239,48621,28542,
Dragon-king Thordan,212,Minako Saija,Warrior,Gigaflare's Edge,1024,11675,7659,40304,20970,
Dragon-king Thordan,212,Nycto Smycto,Monk,Gigaflare's Edge,1024,33783,11847,62345,16715,
Dragon-king Thordan,212,Wrath Ocean,Ninja,Gigaflare's Edge,1024,27382,11356,59765,21027,
Dragon-king Thordan,212,Death Asuran,WhiteMage,Gigaflare's Edge,1024,28573,11390,59941,19978,
Dragon-king Thordan,212,Caluriam Mentukal,RedMage,Gigaflare's Edge,1024,27497,11243,59169,20429,
Dragon-king Thordan,212,Charlotte Feuerkrone,Scholar,Gigaflare's Edge,1024,33275,11536,60707,15896,
Dragon-king Thordan,212,Worst Player,Dancer,Gigaflare's Edge,1024,36032,12402,65271,16837,
Dragon-king Thordan,212,Charlotte Feuerkrone,Scholar,Trinity,128,37317,,44537,7220,
Dragon-king Thordan,212,Minako Saija,Warrior,Trinity,1024,9272,13843,37411,14296,
Dragon-king Thordan,212,Alastair Feuerkrone,Gunbreaker,Trinity,1024,16139,10252,36942,10551,
Dragon-king Thordan,212,Death Asuran,WhiteMage,Trinity,128,34999,,42229,7230,
Dragon-king Thordan,212,Minako Saija,Warrior,Trinity,1024,35395,15170,50565,,
Dragon-king Thordan,212,Alastair Feuerkrone,Gunbreaker,Trinity,1024,34393,14440,52033,3200,
Dragon-king Thordan,212,Wrath Ocean,Ninja,Trinity,128,41583,,41583,,
Dragon-king Thordan,212,Alastair Feuerkrone,Gunbreaker,Trinity,1024,21613,,40178,18565,
Dragon-king Thordan,212,Minako Saija,Warrior,Trinity,1024,19126,6128,32248,6994,
Dragon-king Thordan,212,Nycto Smycto,Monk,Trinity,128,31068,7767,38835,,
Dragon-king Thordan,212,Alastair Feuerkrone,Gunbreaker,Trinity,1024,37077,14241,51318,,
Dragon-king Thordan,212,Minako Saija,Warrior,Trinity,1024,43127,4792,47919,,
Dragon-king Thordan,212,Worst Player,Dancer,Akh Morn's Edge,1024,20678,11424,37155,5053,
Dragon-king Thordan,212,Caluriam Mentukal,RedMage,Akh Morn's Edge,1024,18940,10693,34776,5143,
Dragon-king Thordan,212,Minako Saija,Warrior,Akh Morn's Edge,1024,42121,20966,68191,5104,
Dragon-king Thordan,212,Wrath Ocean,Ninja,Akh Morn's Edge,1024,19177,10852,35293,5264,
Dragon-king Thordan,212,Nycto Smycto,Monk,Akh Morn's Edge,1024,15054,16138,36185,4993,
Dragon-king Thordan,212,Alastair Feuerkrone,Gunbreaker,Akh Morn's Edge,1024,24417,35744,69376,9215,
Dragon-king Thordan,212,Charlotte Feuerkrone,Scholar,Akh Morn's Edge,1024,18940,10632,34578,5006,
Dragon-king Thordan,212,Death Asuran,WhiteMage,Akh Morn's Edge,1024,18990,10639,34601,4972,
Dragon-king Thordan,212,Worst Player,Dancer,Akh Morn's Edge,1024,3552,13397,35560,18611,
Dragon-king Thordan,212,Nycto Smycto,Monk,Akh Morn's Edge,1024,12704,18340,36579,5535,
Dragon-king Thordan,212,Minako Saija,Warrior,Akh Morn's Edge,1024,34828,23484,62339,4027,
Dragon-king Thordan,212,Wrath Ocean,Ninja,Akh Morn's Edge,1024,5281,14203,37701,18217,
Dragon-king Thordan,212,Death Asuran,WhiteMage,Akh Morn's Edge,1024,12107,12634,33535,8794,
Dragon-king Thordan,212,Alastair Feuerkrone,Gunbreaker,Akh Morn's Edge,1024,21845,40023,71000,9132,
Dragon-king Thordan,212,Charlotte Feuerkrone,Scholar,Akh Morn's Edge,1024,3808,12503,33185,16874,
Dragon-king Thordan,212,Caluriam Mentukal,RedMage,Akh Morn's Edge,1024,8018,12979,34452,13455,
Dragon-king Thordan,212,Worst Player,Dancer,Akh Morn's Edge,1024,22296,13476,35772,,
Dragon-king Thordan,212,Death Asuran,WhiteMage,Akh Morn's Edge,1024,21943,13262,35205,,
Dragon-king Thordan,212,Alastair Feuerkrone,Gunbreaker,Akh Morn's Edge,1024,28636,36997,65633,,
Dragon-king Thordan,212,Wrath Ocean,Ninja,Akh Morn's Edge,1024,23285,14073,37358,,
Dragon-king Thordan,212,Nycto Smycto,Monk,Akh Morn's Edge,1024,17542,17638,35180,,
Dragon-king Thordan,212,Minako Saija,Warrior,Akh Morn's Edge,1024,40437,24440,64877,,
Dragon-king Thordan,212,Charlotte Feuerkrone,Scholar,Akh Morn's Edge,1024,21249,12843,34092,,
Dragon-king Thordan,212,Caluriam Mentukal,RedMage,Akh Morn's Edge,1024,20589,12444,33033,,
Dragon-king Thordan,212,Worst Player,Dancer,Akh Morn's Edge,1024,14103,13241,35147,7803,
Dragon-king Thordan,212,Death Asuran,WhiteMage,Akh Morn's Edge,1024,14065,13337,35402,8000,
Dragon-king Thordan,212,Alastair Feuerkrone,Gunbreaker,Akh Morn's Edge,1024,21072,37793,67044,8179,
Dragon-king Thordan,212,Wrath Ocean,Ninja,Akh Morn's Edge,1024,9854,13712,36398,12832,
Dragon-king Thordan,212,Nycto Smycto,Monk,Akh Morn's Edge,1024,11164,19191,38276,7921,
Dragon-king Thordan,212,Minako Saija,Warrior,Akh Morn's Edge,1024,25475,25829,68563,17259,
Dragon-king Thordan,212,Charlotte Feuerkrone,Scholar,Akh Morn's Edge,1024,13923,13393,35552,8236,
Dragon-king Thordan,212,Caluriam Mentukal,RedMage,Akh Morn's Edge,1024,13939,13240,35145,7966,
Dragon-king Thordan,212,Worst Player,Dancer,Akh Morn's Edge,1024,24810,13005,37815,,
Dragon-king Thordan,212,Death Asuran,WhiteMage,Akh Morn's Edge,1024,22129,11600,33729,,
Dragon-king Thordan,212,Alastair Feuerkrone,Gunbreaker,Akh Morn's Edge,1024,31142,36666,67808,,
Dragon-king Thordan,212,Wrath Ocean,Ninja,Akh Morn's Edge,1024,23522,12330,35852,,
Dragon-king Thordan,212,Nycto Smycto,Monk,Akh Morn's Edge,1024,23226,12175,35401,,
Dragon-king Thordan,212,Minako Saija,Warrior,Akh Morn's Edge,1024,34450,23856,69365,11059,
Dragon-king Thordan,212,Charlotte Feuerkrone,Scholar,Akh Morn's Edge,1024,23456,12295,35751,,
Dragon-king Thordan,212,Caluriam Mentukal,RedMage,Akh Morn's Edge,1024,21804,11429,33233,,
Dragon-king Thordan,212,Worst Player,Dancer,Akh Morn's Edge,1024,25272,13247,38519,,
Dragon-king Thordan,212,Death Asuran,WhiteMage,Akh Morn's Edge,1024,22963,12037,35000,,
Dragon-king Thordan,212,Alastair Feuerkrone,Gunbreaker,Akh Morn's Edge,1024,31998,37674,69672,,
Dragon-king Thordan,212,Wrath Ocean,Ninja,Akh Morn's Edge,1024,24649,12920,37569,,
Dragon-king Thordan,212,Nycto Smycto,Monk,Akh Morn's Edge,1024,23119,12119,35238,,
Dragon-king Thordan,212,Minako Saija,Warrior,Akh Morn's Edge,1024,16521,23247,67594,27826,
Dragon-king Thordan,212,Charlotte Feuerkrone,Scholar,Akh Morn's Edge,1024,23477,12306,35783,,
Dragon-king Thordan,212,Caluriam Mentukal,RedMage,Akh Morn's Edge,1024,23695,12420,36115,,
Dragon-king Thordan,212,Worst Player,Dancer,Akh Morn's Edge,1024,15006,12127,35261,8128,
Dragon-king Thordan,212,Death Asuran,WhiteMage,Akh Morn's Edge,1024,14283,11792,34286,8211,
Dragon-king Thordan,212,Alastair Feuerkrone,Gunbreaker,Akh Morn's Edge,1024,18422,36354,67230,12454,
Dragon-king Thordan,212,Wrath Ocean,Ninja,Akh Morn's Edge,1024,16171,12709,36952,8072,
Dragon-king Thordan,212,Nycto Smycto,Monk,Akh Morn's Edge,1024,15680,12485,36302,8137,
Dragon-king Thordan,212,Minako Saija,Warrior,Akh Morn's Edge,1024,8278,24258,70531,37995,
Dragon-king Thordan,212,Charlotte Feuerkrone,Scholar,Akh Morn's Edge,1024,14534,11832,34402,8036,
Dragon-king Thordan,212,Caluriam Mentukal,RedMage,Akh Morn's Edge,1024,13715,11335,32958,7908,
Dragon-king Thordan,212,Worst Player,Dancer,Trinity,128,25457,,42946,17489,
Dragon-king Thordan,212,Alastair Feuerkrone,Gunbreaker,Trinity,1024,57852,6428,64280,,
Dragon-king Thordan,212,Minako Saija,Warrior,Trinity,1024,61654,,61654,,
Dragon-king Thordan,212,Caluriam Mentukal,RedMage,Trinity,128,43775,,43775,,
Dragon-king Thordan,212,Alastair Feuerkrone,Gunbreaker,Trinity,1024,54019,20748,74767,,
Dragon-king Thordan,212,Minako Saija,Warrior,Trinity,1024,50857,13735,72286,7694,
Dragon-king Thordan,212,Charlotte Feuerkrone,Scholar,Morn Afah's Edge,32,56828,,9999999,,
Dragon-king Thordan,212,Death Asuran,WhiteMage,Morn Afah's Edge,32,56828,,9999999,,
Dragon-king Thordan,212,Minako Saija,Warrior,Morn Afah's Edge,32,90365,,9999999,,
Dragon-king Thordan,212,Worst Player,Dancer,Morn Afah's Edge,32,49324,,9999999,,
Dragon-king Thordan,212,Caluriam Mentukal,RedMage,Morn Afah's Edge,32,24830,,9999999,,
Dragon-king Thordan,212,Alastair Feuerkrone,Gunbreaker,Morn Afah's Edge,32,39857,,9999999,5326,
